Date,open,high,low,close,volume,capital gains
2021-01-04 00:00:00-05:00,31.0589379810331,33.00322628286705,29.351311295547244,30.0756778717041,17731500,0.0
2021-01-05 00:00:00-05:00,29.854709791230878,31.876142228718695,29.854709791230878,31.817956924438477,8538000,0.0
2021-01-06 00:00:00-05:00,30.917721187241945,33.49942891821344,30.67844473587116,31.583904266357422,16782000,0.0
2021-01-07 00:00:00-05:00,32.994731612582136,35.42215201113499,32.9646588540361,35.064544677734375,10443000,0.0
2021-01-08 00:00:00-05:00,36.781322615307914,37.20757844650667,33.9590321281657,35.093963623046875,13090500,0.0
2021-01-11 00:00:00-05:00,34.28852817224371,37.14089526363303,34.25780076166958,36.3720703125,9625500,0.0
2021-01-12 00:00:00-05:00,36.93625664325792,38.00842751069112,35.99549461299842,37.08662414550781,10501500,0.0
2021-01-13 00:00:00-05:00,37.87310526275414,38.1797209517501,36.67606809617103,37.18534851074219,6897000,0.0
2021-01-14 00:00:00-05:00,38.46083788526988,40.80719002723037,38.46083788526988,39.60491943359375,11373000,0.0
2021-01-15 00:00:00-05:00,39.414021552709414,39.533003274727925,36.387099011845315,37.09185791015625,16302000,0.0
2021-01-19 00:00:00-05:00,38.74914938340953,40.986324792770304,38.648467923422814,40.86014938354492,13351500,0.0
2021-01-20 00:00:00-05:00,42.32784344097026,42.67891175416425,40.15865822147894,40.519535064697266,11220000,0.0
2021-01-21 00:00:00-05:00,41.56816917950951,42.677602871292756,40.301828946420414,42.323265075683594,11056500,0.0
2021-01-22 00:00:00-05:00,41.18702789732283,41.653815919323804,39.98475723429823,40.000450134277344,12573000,0.0
2021-01-25 00:00:00-05:00,41.20010870065442,41.32432391544999,37.87965139778956,40.172393798828125,12499500,0.0
2021-01-26 00:00:00-05:00,40.25214617515409,40.25214617515409,38.245097220476296,38.29935836791992,7641000,0.0
2021-01-27 00:00:00-05:00,36.15305889949327,36.33153523775813,31.908830973654176,32.50244903564453,25056000,0.0
2021-01-28 00:00:00-05:00,34.32317182048898,35.868665945993946,33.511850905654896,34.453922271728516,16110000,0.0
2021-01-29 00:00:00-05:00,34.65332792377122,35.12796053339939,32.26382480691196,32.754146575927734,15256500,0.0
2021-02-01 00:00:00-05:00,34.40685589742645,36.80093395576122,33.966220230912526,36.62507247924805,13749000,0.0
2021-02-02 00:00:00-05:00,38.37519218553061,38.40199543095181,36.741439920451775,38.29216384887695,10789500,0.0
2021-02-03 00:00:00-05:00,38.702731156612764,39.02634157075212,35.86344228207904,35.923587799072266,14184000,0.0
2021-02-04 00:00:00-05:00,35.6333189291526,36.87939139559356,34.84161112948815,36.811397552490234,8400000,0.0
2021-02-05 00:00:00-05:00,37.59132816330369,37.59132816330369,35.87716620568662,36.0118408203125,8242500,0.0
2021-02-08 00:00:00-05:00,36.73621448874594,39.35649108886719,36.72052158886257,39.35649108886719,17278500,0.0
2021-02-09 00:00:00-05:00,38.869436620551184,39.755286740140356,38.287587320071545,38.85505676269531,8659500,0.0
2021-02-10 00:00:00-05:00,39.8794985220461,40.51233940283352,37.633824294077215,39.22246551513672,15432000,0.0
2021-02-11 00:00:00-05:00,40.09327857401011,43.30978775024414,40.09327857401011,43.30978775024414,20781000,0.0
2021-02-12 00:00:00-05:00,42.64622291902056,45.122674673170344,42.17159407524048,44.88601303100586,15841500,0.0
2021-02-16 00:00:00-05:00,46.420389812631285,46.92640441738987,44.923927006693496,45.68033218383789,14367000,0.0
2021-02-17 00:00:00-05:00,44.22701838173399,44.85593889548271,41.32300908954998,43.15877151489258,19341000,0.0
2021-02-18 00:00:00-05:00,41.386420321352055,42.428514755067425,40.22664599024673,41.85908889770508,15594000,0.0
2021-02-19 00:00:00-05:00,43.780504639653564,45.61757647184246,43.36732311853169,44.912166595458984,23602500,0.0
2021-02-22 00:00:00-05:00,43.151582674911786,44.0661962712778,39.402255366775414,40.01679229736328,22419000,0.0
2021-02-23 00:00:00-05:00,37.75151027939302,39.9553435887806,34.390517186270465,39.20482635498047,27033000,0.0
2021-02-24 00:00:00-05:00,38.228101964461075,42.98487658149632,37.329832067144146,42.898582458496094,17964000,0.0
2021-02-25 00:00:00-05:00,41.253058682092956,42.17682621609584,35.01224473256489,35.517601013183594,35817000,0.0
2021-02-26 00:00:00-05:00,37.20887990092838,38.93219957317073,35.11030355905636,37.961360931396484,29536500,0.0
2021-03-01 00:00:00-05:00,39.80627778844652,41.734222412109375,38.784447498401406,41.734222412109375,24520500,0.0
2021-03-02 00:00:00-05:00,42.10882218776727,42.15785734572383,37.705735841338644,37.80379867553711,19687700,0.0
2021-03-03 00:00:00-05:00,38.147026844086795,38.23528489298322,34.14600028192525,34.33232116699219,21749000,0.0
2021-03-04 00:00:00-05:00,34.15581367721063,34.50884218224498,27.88950066476721,29.399690628051758,34294300,0.0
2021-03-05 00:00:00-05:00,31.596330013961484,32.32200399991605,27.193239715351556,32.11606979370117,30945800,0.0
2021-03-08 00:00:00-05:00,32.07684671931826,32.292589477865356,26.967695184069537,26.987308502197266,28761200,0.0
2021-03-09 00:00:00-05:00,29.75272565260715,32.43969064328307,29.419306693776683,31.821884155273438,19994900,0.0
2021-03-10 00:00:00-05:00,33.528198320411626,33.528198320411626,30.02730336195419,30.1253662109375,19953500,0.0
2021-03-11 00:00:00-05:00,32.65542908087858,34.36175048368945,32.21413874042246,33.80278396606445,19094300,0.0
2021-03-12 00:00:00-05:00,31.890524959532726,32.93981313585985,31.233493783174303,32.773101806640625,17047600,0.0
2021-03-15 00:00:00-04:00,33.145749365883226,34.94032875642765,32.53775144673431,34.88148880004883,15325300,0.0
2021-03-16 00:00:00-04:00,36.11710781335392,37.84303900992905,35.528719372513834,36.26420211791992,27404900,0.0
2021-03-17 00:00:00-04:00,34.59710282601134,38.39219601175757,33.84200685279497,37.67632293701172,21743500,0.0
2021-03-18 00:00:00-04:00,36.048453212607065,36.20535602209607,32.80252563989237,33.057491302490234,25749000,0.0
2021-03-19 00:00:00-04:00,33.3516804818311,34.959938804675126,31.753234428752684,34.07735824584961,20615000,0.0
2021-03-22 00:00:00-04:00,35.24431878969669,37.460574738452024,34.93051323354931,36.2838020324707,23763800,0.0
2021-03-23 00:00:00-04:00,36.66250101471112,36.790040870957185,32.87557887559768,33.38573455810547,26947000,0.0
2021-03-24 00:00:00-04:00,34.95544656625626,35.445980463510864,31.933755962779145,31.972999572753906,26195900,0.0
2021-03-25 00:00:00-04:00,30.344419481243772,32.551821458584634,29.530133493340877,32.18882751464844,30291400,0.0
2021-03-26 00:00:00-04:00,32.18883272703887,37.02549680888607,32.090723711118024,36.9764404296875,35670300,0.0
2021-03-29 00:00:00-04:00,35.69124543003503,36.21121013465629,33.84683703089297,35.1124153137207,28422700,0.0
2021-03-30 00:00:00-04:00,34.45509418582942,35.102598673210586,33.630997225301016,34.8475227355957,17926000,0.0
2021-03-31 00:00:00-04:00,35.740299518029104,38.24202160805998,35.66181229925521,37.48659896850586,25362500,0.0
2021-04-01 00:00:00-04:00,39.29176192048677,41.6365132013127,39.29176192048677,41.60708236694336,27795500,0.0
2021-04-05 00:00:00-04:00,43.68694913928759,44.442371815184664,42.09762030742034,44.14805221557617,26445800,0.0
2021-04-06 00:00:00-04:00,43.28470766726506,44.118617492258736,41.27351954753562,42.558719635009766,17961500,0.0
2021-04-07 00:00:00-04:00,43.15717155557043,43.16698058628677,41.5384082865941,42.558719635009766,12421800,0.0
2021-04-08 00:00:00-04:00,43.902784435115656,44.14805138726714,42.77455495822815,43.9420280456543,12957100,0.0
2021-04-09 00:00:00-04:00,43.000198116938066,43.65751166471487,42.313449993941695,43.63788986206055,10748500,0.0
2021-04-12 00:00:00-04:00,42.892277907887355,42.960952342471906,41.008626115419084,42.27420425415039,14926000,0.0
2021-04-13 00:00:00-04:00,43.16697088632604,43.294510711837894,40.78297651297862,41.881771087646484,14056400,0.0
2021-04-14 00:00:00-04:00,41.58746136769266,42.6470163352021,39.86078377255592,40.48866653442383,12838600,0.0
2021-04-15 00:00:00-04:00,41.54821980283208,42.83341996719021,40.83204075844945,42.64701843261719,13642000,0.0
2021-04-16 00:00:00-04:00,42.68624921797534,42.81378905263958,41.675750797305035,41.94063949584961,11016200,0.0
2021-04-19 00:00:00-04:00,40.979195666429874,41.489351287014024,37.52583713342058,38.850276947021484,20268200,0.0
2021-04-20 00:00:00-04:00,38.27145053404065,38.78160620318344,36.338749649136375,36.996063232421875,13892000,0.0
2021-04-21 00:00:00-04:00,37.211893884228694,39.99812598175053,36.63306385804535,39.9785041809082,15160200,0.0
2021-04-22 00:00:00-04:00,39.605699220752605,39.841157098912824,36.56439106124556,37.260948181152344,20962100,0.0
2021-04-23 00:00:00-04:00,37.59451764164974,39.80192018255156,37.57489583663342,39.38987350463867,13212600,0.0
2021-04-26 00:00:00-04:00,39.33100697765486,41.656136540443775,39.24271072881596,41.41086959838867,13528500,0.0
2021-04-27 00:00:00-04:00,41.970074849975234,42.09761469838714,40.18453194211356,40.55733871459961,12557200,0.0
2021-04-28 00:00:00-04:00,39.90983438038117,39.91964341070267,38.56577267775961,38.67368698120117,12753600,0.0
2021-04-29 00:00:00-04:00,40.419990329290236,40.439612132552824,37.75148496519873,39.54684066772461,14812500,0.0
2021-04-30 00:00:00-04:00,37.62394200765557,38.42841716259412,35.8678337991781,36.20139694213867,19385800,0.0
2021-05-03 00:00:00-04:00,37.005874987141105,37.07454942701311,34.41585684775045,34.935821533203125,13899900,0.0
2021-05-04 00:00:00-04:00,33.75854225643715,33.797785865943524,31.394169049589042,33.326873779296875,24428000,0.0
2021-05-05 00:00:00-04:00,34.406041078198996,35.11241096104565,33.111032121297434,33.8958854675293,16034800,0.0
2021-05-06 00:00:00-04:00,33.55251908436496,34.729801177978516,32.53220768706811,34.729801177978516,15387300,0.0
2021-05-07 00:00:00-04:00,35.81878452966556,36.839095962601405,35.2301453335362,36.2308349609375,16784600,0.0
2021-05-10 00:00:00-04:00,35.31843606254431,35.31843606254431,31.27643644537504,31.325490951538086,25439800,0.0
2021-05-11 00:00:00-04:00,28.470585361809377,31.698299022333916,28.146833092716964,31.502084732055664,29951300,0.0
2021-05-12 00:00:00-04:00,29.53013762266558,29.981427858500272,27.283491731153116,27.59743309020996,34045700,0.0
2021-05-13 00:00:00-04:00,28.970929711107082,29.922564701746406,27.764215023944857,28.774715423583984,25520000,0.0
2021-05-14 00:00:00-04:00,29.912752985089654,32.061291702841096,29.01998155654105,31.325490951538086,21881300,0.0
2021-05-17 00:00:00-04:00,30.393480526510995,30.51120948791504,28.87282615840877,30.51120948791504,19224800,0.0
2021-05-18 00:00:00-04:00,31.10965561660066,31.472653357240763,29.647864979999927,29.716541290283203,15262600,0.0
2021-05-19 00:00:00-04:00,27.921186822407943,31.560947218782633,27.685730790704085,31.443220138549805,29208700,0.0
2021-05-20 00:00:00-04:00,32.12996692534074,34.317747430243884,32.051479713561996,33.98418426513672,28593200,0.0
2021-05-21 00:00:00-04:00,34.63169472692049,34.67093833953468,33.16990571057243,33.493656158447266,25100300,0.0
2021-05-24 00:00:00-04:00,34.33737672460245,36.43686144553896,34.24908046332582,35.838409423828125,21577500,0.0
2021-05-25 00:00:00-04:00,36.62326212656146,37.035308798928995,35.55389809366153,36.24064254760742,19468200,0.0
2021-05-26 00:00:00-04:00,36.328939255373534,36.96663481918644,35.5048421577811,36.47610092163086,13436700,0.0
2021-05-27 00:00:00-04:00,36.181776935540924,37.535647633717126,36.014993484548214,37.14322280883789,16449400,0.0
2021-05-28 00:00:00-04:00,37.34924592210382,38.52652787537452,37.16284441197245,38.04580307006836,15891400,0.0
2021-06-01 00:00:00-04:00,38.77179592680043,39.77248542921887,37.025496619577254,37.6141357421875,18159400,0.0
2021-06-02 00:00:00-04:00,37.54545583821131,38.83065568458121,37.192270919057705,38.448036193847656,12370500,0.0
2021-06-03 00:00:00-04:00,37.11379732264904,37.55527484642651,35.82859713477056,36.417236328125,16945800,0.0
2021-06-04 00:00:00-04:00,37.359060489640825,39.23289968091109,37.32962591322336,38.987632751464844,15960500,0.0
2021-06-07 00:00:00-04:00,38.5167197018798,38.69331220307983,37.42773760111511,38.17334747314453,11453800,0.0
2021-06-08 00:00:00-04:00,39.04649082918851,39.21327427196463,36.59382176023853,37.447349548339844,13475800,0.0
2021-06-09 00:00:00-04:00,37.82997452602408,38.15372494375842,36.907768427830575,36.98625564575195,11721000,0.0
2021-06-10 00:00:00-04:00,37.08435864131735,38.624634644617814,36.80966088046671,38.30088424682617,17601900,0.0
2021-06-11 00:00:00-04:00,38.31069081677383,38.74236297607422,37.83977879592655,38.74236297607422,7971500,0.0
2021-06-14 00:00:00-04:00,39.056307376644554,40.39055633544922,38.320506584833076,40.39055633544922,18513300,0.0
2021-06-15 00:00:00-04:00,40.027565602369535,40.812419096048025,38.98763612667429,39.28195571899414,13301400,0.0
2021-06-16 00:00:00-04:00,39.72343638625532,40.1158612560034,37.349250393001554,38.438236236572266,18089300,0.0
2021-06-17 00:00:00-04:00,37.957508285741476,40.390555753158196,37.9182684216926,39.54684066772461,18466200,0.0
2021-06-18 00:00:00-04:00,38.54614578064284,38.83065627455884,36.054233250954134,36.613441467285156,21346600,0.0
2021-06-21 00:00:00-04:00,36.83909187389803,37.43754377761195,35.897267767631696,37.39830017089844,12722000,0.0
2021-06-22 00:00:00-04:00,37.182461192142576,38.09485430200215,36.69192742307724,37.869205474853516,10500400,0.0
2021-06-23 00:00:00-04:00,37.8692144034494,38.87971675085814,37.8692144034494,38.31069564819336,8615400,0.0
2021-06-24 00:00:00-04:00,39.12497940960906,40.449419256357736,39.12497940960906,40.30226135253906,12716800,0.0
2021-06-25 00:00:00-04:00,40.390552036486326,40.90070764694111,39.52721522723298,39.89020919799805,9244100,0.0
2021-06-28 00:00:00-04:00,40.71431488476469,43.245471678808784,40.665262241832615,42.823612213134766,18209300,0.0
2021-06-29 00:00:00-04:00,42.49004276547011,43.84391347557637,42.06818336171235,43.79486083984375,13090200,0.0
2021-06-30 00:00:00-04:00,43.52997100735145,43.883155963593836,42.84322289715527,43.696754455566406,9830900,0.0
2021-07-01 00:00:00-04:00,43.31414612482697,43.52997850221059,41.33238866217984,41.76405715942383,11578200,0.0
2021-07-02 00:00:00-04:00,42.745118144663316,42.87265798984211,41.45010911777816,42.49985122680664,10933300,0.0
2021-07-06 00:00:00-04:00,42.81379786997152,43.304331766268135,40.576964500451524,42.22515869140625,10020300,0.0
2021-07-07 00:00:00-04:00,42.970763168651104,43.07868121107482,39.91964211820366,40.459232330322266,10623800,0.0
2021-07-08 00:00:00-04:00,37.820161638895364,39.61551744744817,37.045117205395194,39.02687454223633,14764300,0.0
2021-07-09 00:00:00-04:00,39.41930065634673,41.14597816914521,38.50690739199188,40.97919845581055,9799600,0.0
2021-07-12 00:00:00-04:00,41.36181525523285,42.509666442871094,41.01844304748606,42.509666442871094,9021800,0.0
2021-07-13 00:00:00-04:00,41.94064256616893,42.499850834319766,41.30294708864024,41.81310272216797,9289300,0.0
2021-07-14 00:00:00-04:00,42.715687016650215,43.94202159745108,41.067493040655755,41.361812591552734,15361500,0.0
2021-07-15 00:00:00-04:00,40.99882012740479,41.00862915772628,37.820159129132506,38.67368698120117,14968000,0.0
2021-07-16 00:00:00-04:00,39.272136597871594,39.68418695450361,35.897265249274994,36.06404495239258,14425600,0.0
2021-07-19 00:00:00-04:00,34.543391032437064,36.23082858676573,34.052857207804415,36.14253234863281,17527800,0.0
2021-07-20 00:00:00-04:00,36.53496276990995,38.34012748638466,35.171275524154794,37.6141357421875,12487200,0.0
2021-07-21 00:00:00-04:00,37.937893479639264,41.05768966674805,37.86921902679222,41.05768966674805,12599700,0.0
2021-07-22 00:00:00-04:00,40.125674923524095,40.83204120179652,39.1446071135844,39.96870422363281,8148900,0.0
2021-07-23 00:00:00-04:00,40.50829071567009,40.822232115026914,39.19365970243464,40.76336669921875,8740400,0.0
2021-07-26 00:00:00-04:00,39.81172865781127,40.99881966455344,39.81172865781127,40.66525650024414,7703500,0.0
2021-07-27 00:00:00-04:00,40.02757342178597,40.076626073008974,36.015005175115036,38.4088134765625,17917400,0.0
2021-07-28 00:00:00-04:00,38.79142465103024,40.714316786613175,38.28126890725738,40.40037536621094,12983000,0.0
2021-07-29 00:00:00-04:00,40.44942396884543,42.8628498004143,40.44942396884543,42.62739562988281,15318400,0.0
2021-07-30 00:00:00-04:00,41.39124155139049,43.65750910147765,41.27351448485282,43.549591064453125,13599200,0.0
2021-08-02 00:00:00-04:00,44.33445076648617,46.00226670846282,44.03032215580101,44.35407257080078,17018600,0.0
2021-08-03 00:00:00-04:00,44.43256681602873,45.10950233081041,42.784372417669175,45.099693298339844,10801400,0.0
2021-08-04 00:00:00-04:00,45.28608821923224,47.23841473278009,45.17817016548403,46.70863723754883,13768900,0.0
2021-08-05 00:00:00-04:00,47.25802609885929,47.27764790062207,45.560779542376615,46.27695846557617,8580700,0.0
2021-08-06 00:00:00-04:00,45.45286900230498,46.37507130650414,45.32532915154588,45.747188568115234,6202000,0.0
2021-08-09 00:00:00-04:00,46.01208028292668,46.375074312875384,44.67782750611608,45.27627944946289,5943700,0.0
2021-08-10 00:00:00-04:00,45.49211161637777,45.6883259196036,42.67644815388823,43.608463287353516,9994500,0.0
2021-08-11 00:00:00-04:00,44.206916612126776,44.2657782852038,41.6267072387447,43.333763122558594,10016600,0.0
2021-08-12 00:00:00-04:00,42.61757790591043,42.676443312943825,40.77317339524418,41.81310272216797,9746100,0.0
2021-08-13 00:00:00-04:00,41.69538005764334,42.774553103321146,41.489356724964644,42.65682601928711,7655800,0.0
2021-08-16 00:00:00-04:00,42.09760778668094,42.6077633540935,41.136162051260364,42.19571304321289,6658600,0.0
2021-08-17 00:00:00-04:00,41.13617103340962,41.15579283749559,38.595205412661436,39.694000244140625,13983700,0.0
2021-08-18 00:00:00-04:00,39.52722309602248,40.18453673454418,37.84959803347512,37.92808151245117,10760100,0.0
2021-08-19 00:00:00-04:00,37.45716601694669,39.497784937608614,36.43685468537754,38.87971496582031,14855300,0.0
2021-08-20 00:00:00-04:00,39.20346303937716,39.97850739379469,38.27144800808181,39.66456604003906,10732300,0.0
2021-08-23 00:00:00-04:00,40.61620419057374,42.960955389788744,40.61620419057374,42.86284637451172,12229000,0.0
2021-08-24 00:00:00-04:00,43.14735891588876,43.59864917976566,42.55871976669945,42.90209197998047,8557100,0.0
2021-08-25 00:00:00-04:00,43.343577437724285,44.785748359023046,43.274902988374514,43.93221664428711,10125800,0.0
2021-08-26 00:00:00-04:00,43.6771395593575,44.47180583655277,42.88247328216222,43.834110260009766,9529400,0.0
2021-08-27 00:00:00-04:00,44.00087894805664,46.600709501443255,43.84390828680344,46.40449523925781,12358300,0.0
2021-08-30 00:00:00-04:00,46.87541005736233,48.07231376083671,46.237718344796015,46.8361701965332,10291100,0.0
2021-08-31 00:00:00-04:00,46.86560497618819,47.06181926676882,44.5110409741732,45.668701171875,9620800,0.0
2021-09-01 00:00:00-04:00,46.335826877083875,46.40450131647113,44.962334346862384,45.08987045288086,7246900,0.0
2021-09-02 00:00:00-04:00,45.47248784925189,45.83548560441978,44.83479606938589,45.42343521118164,7168600,0.0
2021-09-03 00:00:00-04:00,45.266465320914406,46.94409027280036,45.08987282677099,46.34564208984375,7374000,0.0
2021-09-07 00:00:00-04:00,46.463359109783646,46.512411738094876,45.05061946257596,45.88452911376953,5660800,0.0
2021-09-08 00:00:00-04:00,45.22721694037891,45.492105653642845,42.93151850123422,44.09899139404297,11787400,0.0
2021-09-09 00:00:00-04:00,44.05975077778326,45.38419069143849,44.04012897445431,44.6876335144043,8643000,0.0
2021-09-10 00:00:00-04:00,45.75699559772385,47.70932191060279,45.62945575254177,45.707942962646484,14399600,0.0
2021-09-13 00:00:00-04:00,46.89503634379849,47.258030352895666,45.06044075230715,46.96371078491211,11356400,0.0
2021-09-14 00:00:00-04:00,47.48367922224197,48.042887524153635,46.247531797244115,46.96371078491211,10129200,0.0
2021-09-15 00:00:00-04:00,47.15011738270391,47.77800014351367,45.87472631452307,47.670082092285156,9321800,0.0
2021-09-16 00:00:00-04:00,46.83617313035413,48.592281449787315,46.129803196518786,48.1409912109375,9094400,0.0
2021-09-17 00:00:00-04:00,47.71913125280808,47.72894402537345,45.09968234928335,45.86491394042969,14478900,0.0
2021-09-20 00:00:00-04:00,42.92171346865671,43.363194698543886,40.380747881613175,42.48023223876953,19454600,0.0
2021-09-21 00:00:00-04:00,43.20621588019072,43.67712785596553,41.54820932243646,42.77454376220703,9972400,0.0
2021-09-22 00:00:00-04:00,43.61826851559325,45.68832193632134,43.176787307444286,45.38418960571289,11093200,0.0
2021-09-23 00:00:00-04:00,46.002262947463876,47.63083514766441,45.54115993996016,47.189353942871094,11819600,0.0
2021-09-24 00:00:00-04:00,45.97283421077349,47.31689594667031,45.89434699635329,47.042198181152344,7465000,0.0
2021-09-27 00:00:00-04:00,45.63927331930381,47.2678456752914,44.697449153968556,46.7871208190918,10241300,0.0
2021-09-28 00:00:00-04:00,44.04994940735778,44.923099223711276,41.25390369762781,41.43049621582031,23988000,0.0
2021-09-29 00:00:00-04:00,41.75424714064169,41.8719742293836,39.026876097037785,39.36043930053711,19889700,0.0
2021-09-30 00:00:00-04:00,40.28264532686296,41.15579507248507,39.24271210869105,39.28195571899414,14470200,0.0
2021-10-01 00:00:00-04:00,39.73324555816723,39.92945986497449,37.33944149405318,39.31138610839844,16368700,0.0
2021-10-04 00:00:00-04:00,38.56577202484122,38.77179534039115,35.87764492263181,36.31912612915039,20555400,0.0
2021-10-05 00:00:00-04:00,36.88814968858554,38.644262039497576,36.55458646965519,37.91827392578125,15194100,0.0
2021-10-06 00:00:00-04:00,36.61344754516616,38.398990522217865,36.221018954450365,38.32050704956055,16403200,0.0
2021-10-07 00:00:00-04:00,39.76267313001405,41.23427469654278,39.50759717183865,39.62532424926758,13234300,0.0
2021-10-08 00:00:00-04:00,40.12567185750223,40.29245157605945,38.340128879244325,38.58539581298828,10297000,0.0
2021-10-11 00:00:00-04:00,38.02618054614913,39.62532186685789,37.63375573082117,37.653377532958984,9446400,0.0
2021-10-12 00:00:00-04:00,38.467670615694686,38.565779649025515,35.779546724538235,36.34856414794922,19847400,0.0
2021-10-13 00:00:00-04:00,36.9862512730794,37.574890367992154,36.53496105081454,36.937198638916016,11660600,0.0
2021-10-14 00:00:00-04:00,38.889529249282106,40.30226935842373,38.59520964070322,40.27283477783203,14800900,0.0
2021-10-15 00:00:00-04:00,41.23427214224166,41.489351827092186,40.5180932066593,41.04787063598633,10988500,0.0
2021-10-18 00:00:00-04:00,40.361119838119315,42.15647531461358,39.67437178029404,42.04855728149414,8498200,0.0
2021-10-19 00:00:00-04:00,42.29383505381489,43.63789694267331,41.82292294113041,43.588844299316406,11476200,0.0
2021-10-20 00:00:00-04:00,43.294519071690345,43.88315820044825,42.80398521689999,43.36319351196289,9908200,0.0
2021-10-21 00:00:00-04:00,42.509667639284935,44.854418975972706,42.48023306173795,44.72687911987305,10019700,0.0
2021-10-22 00:00:00-04:00,43.99107447844871,45.35475794113696,42.94133237080483,43.21603012084961,12691700,0.0
2021-10-25 00:00:00-04:00,43.75561899702544,44.80536116239408,43.32395054572125,44.206912994384766,9706700,0.0
2021-10-26 00:00:00-04:00,45.14873590238179,45.57059531183883,43.69675615871794,44.108802795410156,12067800,0.0
2021-10-27 00:00:00-04:00,43.39262843450297,44.74650304919201,42.73531480353449,43.255279541015625,13076300,0.0
2021-10-28 00:00:00-04:00,44.972141568156076,46.20828516987967,44.70725285154185,46.11017990112305,15904400,0.0
2021-10-29 00:00:00-04:00,45.09968125538041,46.74787521362305,44.7563053309688,46.74787521362305,12735000,0.0
2021-11-01 00:00:00-04:00,46.885229632669294,49.01414489746094,46.5516664411263,49.01414489746094,14647400,0.0
2021-11-02 00:00:00-04:00,48.87679281076685,50.83892822265625,48.86698378039697,50.83892822265625,12421100,0.0
2021-11-03 00:00:00-04:00,51.084197069647665,52.79125658885774,50.446501539818996,52.65390396118164,11472200,0.0
2021-11-04 00:00:00-04:00,54.370775113045354,58.6972876587389,53.536868988725665,57.96148681640625,20539200,0.0
2021-11-05 00:00:00-04:00,58.9033080509678,61.218628517861056,58.08902002978228,59.7568359375,19536100,0.0
2021-11-08 00:00:00-05:00,60.92430385169043,63.48489119702541,60.325855686792536,62.33704376220703,15603900,0.0
2021-11-09 00:00:00-05:00,64.03428745212933,64.38747243377193,60.24736915751223,62.1996955871582,16385900,0.0
2021-11-10 00:00:00-05:00,58.913111504647965,61.31672799036551,55.98953036316446,56.85287094116211,17648300,0.0
2021-11-11 00:00:00-05:00,59.57043806583744,60.81639462202738,58.24599428918987,60.473018646240234,13055700,0.0
2021-11-12 00:00:00-05:00,61.0420347510321,63.03360102553035,60.01191065079721,62.150638580322266,13052700,0.0
2021-11-15 00:00:00-05:00,63.50452293457343,63.51432822355329,60.10021267772767,62.00348663330078,11837400,0.0
2021-11-16 00:00:00-05:00,61.19901036152131,65.17233419975558,60.8360125812369,64.89763641357422,12693000,0.0
2021-11-17 00:00:00-05:00,64.75047609812972,64.8780122201034,62.49402086138721,63.298492431640625,11636600,0.0
2021-11-18 00:00:00-05:00,66.58505987183023,67.5955582895697,64.77989161828603,66.69297790527344,14102700,0.0
2021-11-19 00:00:00-05:00,66.5752496955786,68.54719771951919,65.6138001287714,67.31105041503906,14527400,0.0
2021-11-22 00:00:00-05:00,68.22345022405459,71.11759700734252,63.995050741263356,64.1912612915039,16809800,0.0
2021-11-23 00:00:00-05:00,63.602624178115114,65.34892357961986,60.188505106725515,63.51432418823242,16233700,0.0
2021-11-24 00:00:00-05:00,61.79745851545503,65.63343322457281,60.05115539545751,65.61380767822266,14762200,0.0
2021-11-26 00:00:00-05:00,61.90537280674325,63.74978494562368,58.71690265639246,60.208126068115234,14919700,0.0
2021-11-29 00:00:00-05:00,62.73928046833668,67.37973026278682,62.02310149295402,67.1148452758789,18352700,0.0
2021-11-30 00:00:00-05:00,66.0062236570812,68.027220417673,61.69933770546089,63.44563674926758,22246300,0.0
2021-12-01 00:00:00-05:00,66.26131896549093,69.61656898713821,61.85632297290011,61.96424102783203,24798700,0.0
2021-12-02 00:00:00-05:00,60.10020582097387,63.51432097728757,58.55012079678879,62.05253219604492,21014200,0.0
2021-12-03 00:00:00-05:00,64.65236248725269,66.66354676760194,59.55080973345602,61.738590240478516,18842800,0.0
2021-12-06 00:00:00-05:00,60.885063166716854,62.091775995703706,55.705023135423595,61.41483688354492,13816300,0.0
2021-12-07 00:00:00-05:00,65.49608017992365,71.14702460748397,65.45683657466877,70.62705993652344,21654500,0.0
2021-12-08 00:00:00-05:00,69.5871310891683,69.85201607033086,67.19332354627396,69.35167694091797,12500700,0.0
2021-12-09 00:00:00-05:00,68.1155346203849,70.23463708185089,64.4169124724547,64.6523666381836,14533000,0.0
2021-12-10 00:00:00-05:00,68.1449695350796,69.11622457619072,63.9361877103268,66.32018280029297,12329100,0.0
2021-12-13 00:00:00-05:00,66.73222468134877,67.40916382017618,60.82620015338339,61.15976333618164,13561500,0.0
2021-12-14 00:00:00-05:00,58.86406972512539,61.18919943137435,57.82413647935654,60.35529327392578,13311200,0.0
2021-12-15 00:00:00-05:00,60.66923646324119,67.04617379511787,58.11846153049052,66.8303451538086,19005700,0.0
2021-12-16 00:00:00-05:00,67.70347886100826,68.18419990121589,56.92154402130642,58.10863494873047,27692100,0.0
2021-12-17 00:00:00-05:00,56.254428812724,60.41415800617389,55.7835167093578,57.84375762939453,17729000,0.0
2021-12-20 00:00:00-05:00,55.077143817557385,57.64754031812934,54.41983021033092,56.46044921875,15681400,0.0
2021-12-21 00:00:00-05:00,60.02651567953386,62.499408462244105,57.67138236984826,62.31296157836914,20477000,0.0
2021-12-22 00:00:00-05:00,61.3022015244609,64.30499619927683,60.45827756581274,64.15779876708984,13011600,0.0
2021-12-23 00:00:00-05:00,64.76622612885832,67.46481888422743,64.68771981551271,66.14987182617188,14507000,0.0
2021-12-27 00:00:00-05:00,66.82696180179673,71.6353644763297,66.72883266288245,71.62554931640625,15598000,0.0
2021-12-28 00:00:00-05:00,72.68536176302757,72.68536176302757,68.26948314440676,69.20172119140625,14401800,0.0
2021-12-29 00:00:00-05:00,69.10360045511355,70.87977027312958,68.29892944179568,69.67276000976562,10702000,0.0
2021-12-30 00:00:00-05:00,69.18211842257693,70.00641241012984,66.6209074820331,67.08212280273438,11188200,0.0
2021-12-31 00:00:00-05:00,67.41574375651598,68.78957415418674,66.5620120171402,66.7386474609375,10152000,0.0
2022-01-03 00:00:00-05:00,67.75921692791036,70.76201242693752,67.11155104322441,70.752197265625,15794800,0.0
2022-01-04 00:00:00-05:00,71.22322224940008,72.82274902974287,64.80547732012698,69.74144744873047,21988000,0.0
2022-01-05 00:00:00-05:00,68.2891111862409,70.08490375828151,62.744732077101474,62.81342697143555,20821000,0.0
2022-01-06 00:00:00-05:00,62.89192063065393,65.14892823943569,60.69379649411471,64.3148193359375,19343100,0.0
2022-01-07 00:00:00-05:00,63.86342565418701,64.81529410993258,58.03446293708056,58.62324905395508,22625900,0.0
2022-01-10 00:00:00-05:00,56.26811242390541,59.06483433048125,52.81391324423021,58.878387451171875,25112700,0.0
2022-01-11 00:00:00-05:00,57.98539630444354,62.254077719137854,56.79801643881516,62.10688400268555,22053900,0.0
2022-01-12 00:00:00-05:00,63.77511548415236,65.15876141952533,61.4690464119728,63.37278366088867,19392000,0.0
2022-01-13 00:00:00-05:00,66.23818196346521,67.88677701402685,58.46623707657764,59.07464599609375,28866500,0.0
2022-01-14 00:00:00-05:00,57.661565130873875,63.333518935339484,57.46530683634604,63.27464294433594,23880600,0.0
2022-01-18 00:00:00-05:00,59.7713777955219,60.232593040922964,54.46250986638951,54.933536529541016,29055200,0.0
2022-01-19 00:00:00-05:00,56.405491823141645,57.07278047934879,49.78167357612791,49.869991302490234,28683300,0.0
2022-01-20 00:00:00-05:00,51.14568894214116,52.20550165971729,44.95364790278354,45.13028335571289,32438800,0.0
2022-01-21 00:00:00-05:00,44.37468109930745,48.01532731355001,42.58870356992857,42.892906188964844,45826500,0.0
2022-01-24 00:00:00-05:00,40.233558508180614,44.629810305721776,35.93543584379262,44.600372314453125,53548700,0.0
2022-01-25 00:00:00-05:00,40.989171454430945,42.53963372113886,38.64384960418718,39.43870544433594,40326300,0.0
2022-01-26 00:00:00-05:00,42.961598853920584,46.21953624682033,39.350390509894076,41.3326301574707,46405000,0.0
2022-01-27 00:00:00-05:00,42.58870424431459,42.63776882138248,35.32703453664858,35.68030548095703,50033700,0.0
2022-01-28 00:00:00-05:00,35.69011973603247,37.691986083984375,32.48124672800628,37.691986083984375,43946700,0.0
2022-01-31 00:00:00-05:00,38.26113989520476,43.913463365045466,37.58403605313804,43.74664306640625,39362500,0.0
2022-02-01 00:00:00-05:00,45.032150308687676,45.238223755243276,41.499448749440404,45.05177688598633,37795600,0.0
2022-02-02 00:00:00-05:00,47.56392420733515,48.574668639732614,45.59149617233414,48.417659759521484,40548600,0.0
2022-02-03 00:00:00-05:00,44.72795036400567,46.90644816556563,41.36206889767585,41.83309555053711,32875300,0.0
2022-02-04 00:00:00-05:00,41.29337893100682,43.6877654210158,39.615341986711044,42.647579193115234,30575600,0.0
2022-02-07 00:00:00-05:00,42.82421076534096,44.66906784843088,42.05879297000429,42.5985107421875,28382000,0.0
2022-02-08 00:00:00-05:00,41.95085327249464,46.00365020404431,41.74477980395498,45.7288818359375,33686800,0.0
2022-02-09 00:00:00-05:00,47.52467352265162,50.272330940914216,45.83682516507599,50.06625747680664,35302800,0.0
2022-02-10 00:00:00-05:00,46.69055741136659,51.234003066177095,44.72794473315974,45.55223846435547,51371000,0.0
2022-02-11 00:00:00-05:00,45.68962920336009,46.759253372914245,37.701791635681985,38.80085754394531,51212800,0.0
2022-02-14 00:00:00-05:00,39.00692723101253,41.067669059069864,37.152258837083615,38.849918365478516,43218400,0.0
2022-02-15 00:00:00-05:00,41.116746916256616,45.42468217385347,40.89104311022961,45.1499137878418,39910800,0.0
2022-02-16 00:00:00-05:00,43.24616956726622,45.63074424332374,42.23542524750211,45.23822021484375,35357600,0.0
2022-02-17 00:00:00-05:00,43.295237151094256,43.56019032726794,39.90972933561302,40.10599136352539,41858900,0.0
2022-02-18 00:00:00-05:00,40.37095045809876,40.577023933093145,37.06394846632921,38.88917922973633,46904100,0.0
2022-02-22 00:00:00-05:00,37.5153395558127,40.78309134522815,36.1415129761311,37.88823699951172,49765600,0.0
2022-02-23 00:00:00-05:00,39.32094674294889,40.52795315329267,34.963947719508894,35.238712310791016,52830600,0.0
2022-02-24 00:00:00-05:00,31.215363872650038,39.30133040783956,30.960223920189232,39.19338607788086,68362100,0.0
2022-02-25 00:00:00-05:00,39.25226087928318,41.057865029465695,37.44665672910066,40.998985290527344,40949000,0.0
2022-02-28 00:00:00-05:00,39.44852182090415,41.440572806518254,37.83917976913834,40.243377685546875,43350600,0.0
2022-03-01 00:00:00-05:00,40.01767461293224,40.52795440057968,34.68918045243306,35.89619064331055,46635000,0.0
2022-03-02 00:00:00-05:00,36.76955431350371,40.115809197775796,36.5340391156328,39.37001419067383,41485400,0.0
2022-03-03 00:00:00-05:00,39.89010906267682,40.10599393819135,36.13170352722413,36.84805679321289,45902800,0.0
2022-03-04 00:00:00-05:00,35.945260245139906,36.72048958049915,32.736387353286354,34.12002944946289,46799000,0.0
2022-03-07 00:00:00-05:00,34.16908755005408,34.93450532180357,28.948537954077775,29.027042388916016,50665800,0.0
2022-03-08 00:00:00-05:00,29.11536071985029,33.69806164446756,27.947605589523047,30.57750701904297,68456500,0.0
2022-03-09 00:00:00-05:00,33.48217518365591,34.993388022191276,32.4518041549771,34.277034759521484,46482400,0.0
2022-03-10 00:00:00-05:00,32.45180078392639,32.57937165792411,30.224234914117872,32.13778305053711,43831500,0.0
2022-03-11 00:00:00-05:00,33.52142537613247,33.77656338468417,29.92984421952495,30.11629295349121,34118300,0.0
2022-03-14 00:00:00-04:00,29.44900768437977,30.273305277174643,26.789666150752744,27.388263702392578,49351500,0.0
2022-03-15 00:00:00-04:00,27.918168105050423,31.127038642329307,27.48639276070195,30.92096519470215,42082900,0.0
2022-03-16 00:00:00-04:00,32.42237151948465,35.719562351078025,31.46069148416786,35.621429443359375,55754000,0.0
2022-03-17 00:00:00-04:00,34.59105547973766,36.308341921994135,33.67844009952466,36.25927734375,37147500,0.0
2022-03-18 00:00:00-04:00,35.92563592379999,38.928431782445024,34.93451414222273,38.43777847290039,39797700,0.0
2022-03-21 00:00:00-04:00,37.9765667112489,39.22282656026073,36.19058897320363,38.270957946777344,38312100,0.0
2022-03-22 00:00:00-04:00,38.0717063948889,40.260411881584915,37.91466934745067,38.85689163208008,34654100,0.0
2022-03-23 00:00:00-04:00,37.79689135591427,39.24948882479363,35.91244665692289,36.01059341430664,38313200,0.0
2022-03-24 00:00:00-04:00,37.11966595570332,41.467633508286156,36.60929463246817,41.31059646606445,44687200,0.0
2022-03-25 00:00:00-04:00,41.29096503049661,41.5854090071189,39.0139261199987,41.23207473754883,36316000,0.0
2022-03-28 00:00:00-04:00,40.43708371557632,42.01727129463767,38.59189538623211,41.91912078857422,35741000,0.0
2022-03-29 00:00:00-04:00,44.009674673578004,45.148194203735954,42.31171042781148,44.7359733581543,40148500,0.0
2022-03-30 00:00:00-04:00,43.88208700939779,44.36301514023058,39.926713251801615,40.58430480957031,38435700,0.0
2022-03-31 00:00:00-04:00,40.49596982560271,41.065231522274345,37.708559133346704,38.061893463134766,38547400,0.0
2022-04-01 00:00:00-04:00,38.34652833551164,38.60171593116387,33.978929623405385,35.61800765991211,57428500,0.0
2022-04-04 00:00:00-04:00,35.90262937998252,37.51225997928881,35.50021798609758,37.25707244873047,28200500,0.0
2022-04-05 00:00:00-04:00,36.403193799591044,36.550417703455686,31.92763130200686,32.27115249633789,57649600,0.0
2022-04-06 00:00:00-04:00,30.278738257256432,31.505589621971303,29.012624818362113,29.94503402709961,69146900,0.0
2022-04-07 00:00:00-04:00,29.68984832921325,30.838183033687137,28.12929086231208,29.94503402709961,55657300,0.0
2022-04-08 00:00:00-04:00,29.307071189420007,29.405217952313386,27.628734961124287,27.766143798828125,71608900,0.0
2022-04-11 00:00:00-04:00,26.539288172281637,27.19687966187105,25.852249661206763,25.99947166442871,60558200,0.0
2022-04-12 00:00:00-04:00,27.520772476346174,28.30595779252075,25.381140149733618,25.75410270690918,66793200,0.0
2022-04-13 00:00:00-04:00,26.27428578455269,28.01151018017591,25.822802881541193,27.510953903198242,50484000,0.0
2022-04-14 00:00:00-04:00,28.021324134542866,28.090029480842016,25.067063508762345,25.135766983032227,51193200,0.0
2022-04-18 00:00:00-04:00,24.79225247397885,27.157625559406423,24.694103832552592,26.48040199279785,49251700,0.0
2022-04-19 00:00:00-04:00,26.185957758020834,28.355033545476466,25.734474759418948,28.217626571655273,45358800,0.0
2022-04-20 00:00:00-04:00,29.51318116535651,30.278738259061228,27.717068101536903,27.972253799438477,51891900,0.0
2022-04-21 00:00:00-04:00,29.05188637186123,30.003923853928278,25.3320662864507,25.724658966064453,53808500,0.0
2022-04-22 00:00:00-04:00,25.6166954705776,26.068176554541363,23.918731072493898,23.997249603271484,57459200,0.0
2022-04-25 00:00:00-04:00,23.44762036211008,25.282993776735236,23.241509900205294,25.194660186767578,58210600,0.0
2022-04-26 00:00:00-04:00,24.252435303463592,24.43891753052088,21.93613753003298,22.01465606689453,55039200,0.0
2022-04-27 00:00:00-04:00,21.219653693205448,23.153173655396028,21.082244862328512,21.543542861938477,52406400,0.0
2022-04-28 00:00:00-04:00,22.770395625902964,25.812989995476997,21.985208472440814,25.1063232421875,63555800,0.0
2022-04-29 00:00:00-04:00,23.850026304836245,25.469474083880378,21.690765719493207,21.82817268371582,48104400,0.0
2022-05-02 00:00:00-04:00,21.96557809165008,24.0953952463478,21.40613335177596,24.046321868896484,57669900,0.0
2022-05-03 00:00:00-04:00,23.879471954167034,25.204473859161308,23.310212112202837,24.645029067993164,53115700,0.0
2022-05-04 00:00:00-04:00,25.214288151928955,27.61891936378382,22.868543499021,27.501142501831055,77054200,0.0
2022-05-05 00:00:00-04:00,26.038731368783466,26.12706494344354,22.328726849148282,23.545764923095703,64302700,0.0
2022-05-06 00:00:00-04:00,22.809654118863016,24.409471715388616,21.533727559303063,22.917617797851562,73607500,0.0
2022-05-09 00:00:00-04:00,21.41594927141372,22.18150634613863,18.962242858611425,19.354835510253906,72482100,0.0
2022-05-10 00:00:00-04:00,21.05279907522857,21.739835659633055,19.354833032220597,20.699464797973633,72934500,0.0
2022-05-11 00:00:00-04:00,20.149834005520795,21.592612435216132,18.61872013952635,18.795387268066406,76546000,0.0
2022-05-12 00:00:00-04:00,18.167245014810646,19.619838962576317,17.62742840620159,19.050579071044922,79889100,0.0
2022-05-13 00:00:00-04:00,20.189096873231623,22.485766317318234,19.806319256560357,22.073543548583984,65885900,0.0
2022-05-16 00:00:00-04:00,21.455211401229224,22.09317475149928,20.807432999782137,20.974285125732422,49300800,0.0
2022-05-17 00:00:00-04:00,22.652619614155807,24.281880672530413,22.417064001478348,24.12484359741211,65619700,0.0
2022-05-18 00:00:00-04:00,22.966690750842897,23.89909990003867,20.14983694749284,20.463911056518555,61497800,0.0
2022-05-19 00:00:00-04:00,20.16946730086703,21.63187806718352,19.531503965672393,20.13020896911621,62522000,0.0
2022-05-20 00:00:00-04:00,21.141136224393517,21.24909803803556,17.332982666113676,19.982986450195312,86718200,0.0
2022-05-23 00:00:00-04:00,19.560945436575953,20.444279263040464,19.089834312065438,20.247982025146484,54498700,0.0
2022-05-24 00:00:00-04:00,19.325393725079692,19.51187407900475,18.098540423853727,18.746318817138672,57291400,0.0
2022-05-25 00:00:00-04:00,18.383167981684917,20.336318060171884,18.373352931397513,19.816133499145508,54536300,0.0
2022-05-26 00:00:00-04:00,19.246873531556353,22.407246689480548,19.11927975087792,22.122617721557617,60520000,0.0
2022-05-27 00:00:00-04:00,23.16298878042951,24.968916839814046,23.153173730190208,24.79224967956543,54680400,0.0
2022-05-31 00:00:00-04:00,24.67447406375031,25.12595707160859,23.310213732756374,24.399660110473633,48671900,0.0
2022-06-01 00:00:00-04:00,24.87076588068314,25.24372839470732,22.289465942357747,23.27094841003418,52378500,0.0
2022-06-02 00:00:00-04:00,22.96668976284025,25.79336036653001,22.868541139984625,25.714841842651367,49439000,0.0
2022-06-03 00:00:00-04:00,24.095401437122753,24.48799604571908,23.06484526963198,23.48688316345215,42093200,0.0
2022-06-06 00:00:00-04:00,24.78243374177132,25.106322899950918,23.045209224249216,23.467247009277344,40514000,0.0
2022-06-07 00:00:00-04:00,22.593729702703534,24.28187908593523,22.12261850813136,24.144472122192383,37067500,0.0
2022-06-08 00:00:00-04:00,23.712620677152778,24.007064723377137,22.00484109058638,22.485767364501953,38501600,0.0
2022-06-09 00:00:00-04:00,21.97539122045995,23.123725749509312,20.640576375774206,20.699464797973633,37937200,0.0
2022-06-10 00:00:00-04:00,19.610021799058238,20.13020824834536,18.31446507316675,18.461687088012695,58924000,0.0
2022-06-13 00:00:00-04:00,16.616500528253223,17.087611721599917,15.055943062266511,15.262054443359375,77061300,0.0
2022-06-14 00:00:00-04:00,15.713536038078695,15.91964647746968,14.928349801484863,15.468165397644043,52253400,0.0
2022-06-15 00:00:00-04:00,16.04723970267009,17.107240757729304,15.183534965952456,16.302425384521484,77001800,0.0
2022-06-16 00:00:00-04:00,14.859647266625897,14.908720649021678,12.749459063090335,13.318718910217285,90753100,0.0
2022-06-17 00:00:00-04:00,13.3972366813968,13.7603860553203,12.54334695939268,13.446310997009277,64012800,0.0
2022-06-21 00:00:00-04:00,14.270755225568934,15.144274969967384,14.221680914352907,14.525940895080566,57522800,0.0
2022-06-22 00:00:00-04:00,13.79772807403392,14.71168044970689,13.699453282398034,14.043414115905762,49362200,0.0
2022-06-23 00:00:00-04:00,14.328410552262527,14.338238219325993,13.109807952930248,13.7682466506958,47625300,0.0
2022-06-24 00:00:00-04:00,14.387374920331814,15.576495398076634,14.318582191438598,15.537185668945312,60548200,0.0
2022-06-27 00:00:00-04:00,16.028557853394965,16.175969112887657,15.10477869032372,15.527359008789062,43426900,0.0
2022-06-28 00:00:00-04:00,15.723907101382324,16.293898658830003,14.269446144369049,14.308755874633789,56957600,0.0
2022-06-29 00:00:00-04:00,13.758418744661975,13.79772847501515,12.805156612075098,13.316184043884277,61516700,0.0
2022-06-30 00:00:00-04:00,12.805156321433245,13.591351847870175,12.166372983388296,12.87394905090332,70274900,0.0
2022-07-01 00:00:00-04:00,12.27447340852236,12.382575857795713,10.937941789035394,11.399831771850586,92067100,0.0
2022-07-05 00:00:00-04:00,10.554672584308861,11.694655717288795,10.34829626284057,11.645519256591797,82942200,0.0
2022-07-06 00:00:00-04:00,11.714308754975436,12.284300209729466,11.321211523151185,11.881375312805176,77177800,0.0
2022-07-07 00:00:00-04:00,12.687227457601825,13.65031725985874,12.687227457601825,13.47342300415039,75926300,0.0
2022-07-08 00:00:00-04:00,12.90343216423305,13.92548615064666,12.736365566117733,13.66997241973877,77437200,0.0
2022-07-11 00:00:00-04:00,13.021361400020506,13.21791006389798,12.431714471170132,12.687228202819824,52520600,0.0
2022-07-12 00:00:00-04:00,12.952569258024614,13.217909712908847,12.500506874501538,12.746192932128906,53368400,0.0
2022-07-13 00:00:00-04:00,11.969825088624953,13.326012246117951,11.92068768940503,13.060670852661133,70014100,0.0
2022-07-14 00:00:00-04:00,12.942741031948621,14.013932346907174,12.323612080994103,13.827210426330566,78227900,0.0
2022-07-15 00:00:00-04:00,14.495474717436897,14.88857196200571,13.797726405413936,14.849262237548828,74112400,0.0
2022-07-18 00:00:00-04:00,15.556841365929847,15.900802227507965,14.377548456147364,14.662544250488281,83926600,0.0
2022-07-19 00:00:00-04:00,15.340634529473174,16.87371568447037,15.23253301963545,16.657512664794922,78348500,0.0
2022-07-20 00:00:00-04:00,16.53958404967849,18.121802738665835,16.21527855358423,17.885944366455078,85890600,0.0
2022-07-21 00:00:00-04:00,18.200420949328237,18.790067776681784,17.374915765920395,18.77041244506836,80210800,0.0
2022-07-22 00:00:00-04:00,18.514900273505667,18.583692065350117,16.85406210488442,17.345434188842773,65689500,0.0
2022-07-25 00:00:00-04:00,16.932680684869016,17.070266135855697,16.146486141097895,17.00147247314453,43336800,0.0
2022-07-26 00:00:00-04:00,16.63786031050638,16.942510500565984,15.969593926296241,16.146488189697266,48959700,0.0
2022-07-27 00:00:00-04:00,17.021130076588463,18.79007084776829,16.873718814265786,18.40679931640625,78797600,0.0
2022-07-28 00:00:00-04:00,18.534557269291547,19.18316832834259,17.27664394672557,19.035757064819336,69548100,0.0
2022-07-29 00:00:00-04:00,18.249561611059278,19.645058611915882,18.003875532559427,19.48781967163086,61313500,0.0
2022-08-01 00:00:00-04:00,19.075064123689902,20.25435787338041,18.701622165134825,19.664710998535156,61205100,0.0
2022-08-02 00:00:00-04:00,19.094719022001453,20.509871114512624,18.780241195762457,19.576263427734375,60816500,0.0
2022-08-03 00:00:00-04:00,19.63522695832028,21.345201492659356,19.527126380338903,21.17813491821289,57214600,0.0
2022-08-04 00:00:00-04:00,21.099518195423517,21.885714713479384,20.853832134987787,21.689165115356445,56294600,0.0
2022-08-05 00:00:00-04:00,20.598318471298658,21.73830351974878,20.215048815645773,21.187965393066406,60067800,0.0
2022-08-08 00:00:00-04:00,20.293666531482657,21.020896985035293,19.232302913536145,20.185565948486328,59477700,0.0
2022-08-09 00:00:00-04:00,18.89817174306331,18.89817174306331,16.61820535095055,17.384746551513672,65153600,0.0
2022-08-10 00:00:00-04:00,18.750759160910533,19.674539228820414,18.072665141688915,19.566436767578125,69125300,0.0
2022-08-11 00:00:00-04:00,20.11677476055922,21.227276847954766,19.340407753149098,19.438682556152344,70069200,0.0
2022-08-12 00:00:00-04:00,19.890744876382765,21.345206024835623,19.63523112742169,21.227277755737305,57238400,0.0
2022-08-15 00:00:00-04:00,20.873484461501985,21.590887204721103,20.441076532609586,21.40416717529297,48991600,0.0
2022-08-16 00:00:00-04:00,21.109346442907373,21.36486017771495,20.03815504001388,20.77521324157715,48777200,0.0
2022-08-17 00:00:00-04:00,19.83177631960954,19.85143165155506,18.387141287019364,19.212646484375,67988800,0.0
2022-08-18 00:00:00-04:00,19.37971496681366,20.991416730894578,19.163511917414084,20.529525756835938,50790800,0.0
2022-08-19 00:00:00-04:00,19.713850443871127,20.028328324917904,18.56403951977133,18.839208602905273,49700800,0.0
2022-08-22 00:00:00-04:00,17.787670474781184,17.83680693522756,16.48062075788795,16.745962142944336,51389400,0.0
2022-08-23 00:00:00-04:00,16.785270227582213,17.7483590573727,16.716478436088,17.030956268310547,49723200,0.0
2022-08-24 00:00:00-04:00,16.95233824949435,17.286471443207372,16.480621461112165,17.109577178955078,42087500,0.0
2022-08-25 00:00:00-04:00,17.158713191865388,19.04558217038587,17.119404397748216,18.986618041992188,58659800,0.0
2022-08-26 00:00:00-04:00,18.91782630403329,18.99644576694275,15.674770178755427,15.704252243041992,84676900,0.0
2022-08-29 00:00:00-04:00,15.21287875622724,15.77304261313099,14.692024627225196,14.790299415588379,61062700,0.0
2022-08-30 00:00:00-04:00,15.232535551059966,15.301327347187273,13.719109475733694,14.220309257507324,77063100,0.0
2022-08-31 00:00:00-04:00,14.436510896170601,14.446338562429327,13.42428470196785,13.797727584838867,86870500,0.0
2022-09-01 00:00:00-04:00,12.805156587784674,13.031188239800093,11.76344826679262,12.991878509521484,113345600,0.0
2022-09-02 00:00:00-04:00,13.601179941521403,13.896003390342873,12.412059416475207,12.638090133666992,100737200,0.0
2022-09-06 00:00:00-04:00,12.68722717636162,12.805156365147061,11.861721917645657,12.205682754516602,79919100,0.0
2022-09-07 00:00:00-04:00,12.205682388216939,13.090151746173241,12.018960475330214,12.765846252441406,79632700,0.0
2022-09-08 00:00:00-04:00,12.421887321469367,13.561870470685564,12.156545931280464,13.414458274841309,103258300,0.0
2022-09-09 00:00:00-04:00,14.01393284461778,14.593752086130463,13.945140111701038,14.397202491760254,81908900,0.0
2022-09-12 00:00:00-04:00,14.574096963515325,14.790300958132464,14.053242780191159,14.524959564208984,67153300,0.0
2022-09-13 00:00:00-04:00,12.923083445748306,13.257216561407784,11.743790813057823,11.881375312805176,85975600,0.0
2022-09-14 00:00:00-04:00,12.068098007670432,12.520160358208175,11.733964843722815,12.24499225616455,65846900,0.0
2022-09-15 00:00:00-04:00,12.018960869873352,12.45136883385557,11.390005194579775,11.704483032226562,94630600,0.0
2022-09-16 00:00:00-04:00,11.272074296804009,11.891203148734943,10.98707856533273,11.851893424987793,87622100,0.0
2022-09-19 00:00:00-04:00,11.419487185696779,12.225337108204752,11.370349789569199,12.048443794250488,75532200,0.0
2022-09-20 00:00:00-04:00,11.68363843013284,11.870970609678315,11.269534727678947,11.535743713378906,70577400,0.0
2022-09-21 00:00:00-04:00,11.594902491615565,12.738617190531961,11.220237169507477,11.23995590209961,125021300,0.0
2022-09-22 00:00:00-04:00,11.013183712240801,11.161077476283463,10.1060995773889,10.362449645996094,112096100,0.0
2022-09-23 00:00:00-04:00,9.928627169664711,9.997645080453124,9.317331450150952,9.889188766479492,120047000,0.0
2022-09-26 00:00:00-04:00,9.770874503697549,10.214556817594424,9.36663059680738,9.415928840637207,96464800,0.0
2022-09-27 00:00:00-04:00,9.899048020475407,10.135678425677453,9.258173771315118,9.672277450561523,115839400,0.0
2022-09-28 00:00:00-04:00,9.435648397375909,10.204698811544597,9.317333166031313,10.027225494384766,119412700,0.0
2022-09-29 00:00:00-04:00,9.563821216767764,9.60325961793912,8.676456720269405,9.159577369689941,128122600,0.0
2022-09-30 00:00:00-04:00,8.775051265997845,9.475083513260904,8.617297679057248,8.735612869262695,109534300,0.0
2022-10-03 00:00:00-04:00,8.962386797156679,9.859611272509296,8.75533492282255,9.563822746276855,126786100,0.0
2022-10-04 00:00:00-04:00,10.431467652878721,10.944167841324825,10.392029249174074,10.885009765625,114533100,0.0
2022-10-05 00:00:00-04:00,10.382169371663162,11.496305447221642,10.06666214328756,11.259675025939941,110030200,0.0
2022-10-06 00:00:00-04:00,11.131501113999352,11.752656738393862,10.894870668597388,11.032904624938965,117138000,0.0
2022-10-07 00:00:00-04:00,10.037083310422467,10.135678846541145,8.873649026108,9.080700874328613,134873300,0.0
2022-10-10 00:00:00-04:00,8.942666525028095,8.962386197591094,7.749654073396071,8.16375732421875,163448700,0.0
2022-10-11 00:00:00-04:00,7.700356001093319,7.907408336258284,7.098919608879513,7.463725566864014,186475200,0.0
2022-10-12 00:00:00-04:00,7.3848470194860365,7.513022051128065,7.12849742634478,7.236953258514404,110516500,0.0
2022-10-13 00:00:00-04:00,6.32986944091499,8.242633290342383,6.122817601622046,7.887687683105469,284532700,0.0
2022-10-14 00:00:00-04:00,8.144037789703557,8.1538976250138,6.773551711005971,6.832709312438965,177216100,0.0
2022-10-17 00:00:00-04:00,7.365128098113103,7.562320570425726,7.098918660112456,7.227093696594238,113321500,0.0
2022-10-18 00:00:00-04:00,7.927125981748808,8.094739418077534,6.941165034067186,7.296111106872559,185506400,0.0
2022-10-19 00:00:00-04:00,7.167937053934501,7.6904966347385395,7.098919608879513,7.463725566864014,134272400,0.0
2022-10-20 00:00:00-04:00,7.591899871826172,8.301792088757603,7.483444495187843,7.591899871826172,170614600,0.0
2022-10-21 00:00:00-04:00,7.542602443401942,8.518704168383383,7.444006428288383,8.459546089172363,178616600,0.0
2022-10-24 00:00:00-04:00,8.51870425559914,8.686317718079684,7.9665656250245656,8.55814266204834,147205700,0.0
2022-10-25 00:00:00-04:00,8.676457059424601,9.337051010081115,8.627158820961967,9.129999160766602,127146900,0.0
2022-10-26 00:00:00-04:00,8.61729969060707,9.534243804099928,8.429967497457248,8.883509635925293,143571600,0.0
2022-10-27 00:00:00-04:00,9.031403196906178,9.307472031580158,8.360949372412199,8.400388717651367,129662300,0.0
2022-10-28 00:00:00-04:00,8.439826664303933,9.425787674885502,8.370808754168952,9.366629600524902,129291600,0.0
2022-10-31 00:00:00-04:00,9.169436444658798,9.218734677106244,8.627157768308034,8.794771194458008,118351000,0.0
2022-11-01 00:00:00-04:00,9.277893577123283,9.386349897294327,8.81449160800295,8.972246170043945,108638200,0.0
2022-11-02 00:00:00-04:00,9.139859666319666,9.63284020650211,8.084880670934922,8.124319076538086,174985600,0.0
2022-11-03 00:00:00-04:00,7.670777125695806,8.173617013432931,7.424286864807858,7.779232501983643,135668700,0.0
2022-11-04 00:00:00-04:00,8.597580565523694,8.932807470873406,8.301792064315963,8.863789558410645,173041700,0.0
2022-11-07 00:00:00-05:00,9.13985891572858,9.553961670411644,8.755333787461693,9.455366134643555,105846700,0.0
2022-11-08 00:00:00-05:00,9.96806740856953,10.41175070146911,9.475086807824107,10.027225494384766,147373300,0.0
2022-11-09 00:00:00-05:00,9.603260570616467,9.68213738078404,9.051122899443465,9.11028003692627,107444900,0.0
2022-11-10 00:00:00-05:00,10.648379991698137,11.999146576177562,10.41174955506359,11.910409927368164,196270300,0.0
2022-11-11 00:00:00-05:00,12.107599997140921,13.2217359645579,11.663917765231481,13.034403800964355,166468400,0.0
2022-11-14 00:00:00-05:00,12.807630881020819,13.320330960955129,12.551280841053662,12.590720176696777,108739600,0.0
2022-11-15 00:00:00-05:00,14.138681572959266,14.237277113547337,13.12314195721633,13.67527961730957,159797700,0.0
2022-11-16 00:00:00-05:00,12.748476262520224,12.807633397035076,11.703357169805612,11.959707260131836,112310400,0.0
2022-11-17 00:00:00-05:00,11.180798112959451,12.40338955162219,11.151219545650786,12.196337699890137,128795400,0.0
2022-11-18 00:00:00-05:00,12.807633925920898,12.847072330654624,11.900549676759447,12.314653396606445,117064100,0.0
2022-11-21 00:00:00-05:00,11.90055013199567,12.028725187354844,11.5751830454246,11.723077774047852,84238200,0.0
2022-11-22 00:00:00-05:00,11.969568097804347,12.75833622592508,11.683639416289138,12.718897819519043,86949600,0.0
2022-11-23 00:00:00-05:00,12.718895750135049,13.556962925265726,12.65973862029384,13.132999420166016,113790600,0.0
2022-11-25 00:00:00-05:00,12.945668549928897,13.07384359778392,12.649880050285432,12.679458618164062,41754500,0.0
2022-11-28 00:00:00-05:00,12.186477771288905,12.58086274030795,11.437148116695536,11.673778533935547,87803100,0.0
2022-11-29 00:00:00-05:00,11.782233602649638,12.009005118532293,11.338551346705263,11.565321922302246,75056000,0.0
2022-11-30 00:00:00-05:00,11.673779731601895,13.655561794949868,11.358272476245883,13.625982284545898,133385800,0.0
2022-12-01 00:00:00-05:00,13.89219157534535,13.931629980388001,12.758335784869107,13.310474395751953,112133900,0.0
2022-12-02 00:00:00-05:00,12.31465274190175,12.945668124379377,12.12732056444744,12.847071647644043,98017700,0.0
2022-12-05 00:00:00-05:00,12.620301830922106,12.975247476124814,12.028724815298512,12.413249969482422,71095100,0.0
2022-12-06 00:00:00-05:00,12.363950532115387,12.423108604069434,11.220235956812838,11.555462837219238,86923400,0.0
2022-12-07 00:00:00-05:00,11.249815055997475,11.762515236287324,11.17093824984299,11.535743713378906,86276700,0.0
2022-12-08 00:00:00-05:00,11.723076173974817,12.541423697022928,11.486444828532386,12.442827224731445,101888300,0.0
2022-12-09 00:00:00-05:00,12.314652861356693,12.807633369244014,12.009005473026546,12.147039413452148,88787400,0.0
2022-12-12 00:00:00-05:00,11.96956780089739,12.827353824165508,11.77237483347283,12.797774314880371,73482200,0.0
2022-12-13 00:00:00-05:00,14.513345838815434,14.70067801064353,12.955527571012063,13.438648223876953,180078900,0.0
2022-12-14 00:00:00-05:00,13.320333791600625,13.833033040200881,12.36395132558531,12.817493438720703,139612300,0.0
2022-12-15 00:00:00-05:00,12.058303520816885,12.206198246543785,11.161079091159566,11.23995590209961,107181700,0.0
2022-12-16 00:00:00-05:00,11.042762861465517,11.318831674423597,10.618800276637028,10.954026222229004,88813800,0.0
2022-12-19 00:00:00-05:00,10.963886246651704,10.993464813478239,10.20469676286607,10.539922714233398,82876800,0.0
2022-12-20 00:00:00-05:00,10.142152075602098,10.636891201241223,10.053098882004655,10.300468444824219,88304000,0.0
2022-12-21 00:00:00-05:00,10.518153913675917,11.15142033356327,10.488469830386821,11.022788047790527,83240400,0.0
2022-12-22 00:00:00-05:00,10.429102068109712,10.44889208862026,9.014147685369437,9.677098274230957,135617300,0.0
2022-12-23 00:00:00-05:00,9.48909749877229,9.706782999332889,9.132884689920388,9.667203903198242,92378600,0.0
2022-12-27 00:00:00-05:00,9.479202117856738,9.489097127413176,9.033937067857547,9.172464370727539,78142100,0.0
2022-12-28 00:00:00-05:00,9.004252537996637,9.33078028810746,8.64803976068301,8.766777038574219,83917300,0.0
2022-12-29 00:00:00-05:00,9.182358540206542,9.726571804627891,9.083411274446336,9.568255424499512,90966000,0.0
2022-12-30 00:00:00-05:00,9.172464474178563,9.597939509863568,8.96467398935005,9.568255424499512,64369800,0.0
2023-01-03 00:00:00-05:00,10.062994411215753,10.102573505567396,9.093305184140426,9.261516571044922,97509800,0.0
2023-01-04 00:00:00-05:00,9.776046010827146,10.161942899126664,9.479202323184447,9.964046478271484,114576600,0.0
2023-01-05 00:00:00-05:00,9.696887443493189,9.894782913025697,9.42972785189428,9.469306945800781,83312800,0.0
2023-01-06 00:00:00-05:00,9.84530851003646,10.953524049323901,9.459412592104943,10.75562858581543,123492600,0.0
2023-01-09 00:00:00-05:00,11.408683776855469,12.140898387377902,11.161314218289236,11.408683776855469,136968300,0.0
2023-01-10 00:00:00-05:00,11.260264657865312,11.86384616105673,11.072263227539349,11.844057083129883,90401400,0.0
2023-01-11 00:00:00-05:00,11.853949343174135,12.29921532415081,11.52742158621792,12.269530296325684,80469400,0.0
2023-01-12 00:00:00-05:00,12.457532434569751,12.942376594034004,11.695633660863002,12.685111999511719,135343400,0.0
2023-01-13 00:00:00-05:00,12.239847172941118,12.863218651601704,12.140899903343625,12.81374454498291,74389800,0.0
2023-01-17 00:00:00-05:00,12.744480993491319,13.288694263286102,12.536690506611132,12.922587394714355,74500500,0.0
2023-01-18 00:00:00-05:00,13.30848346609722,13.615222166279956,12.675217933291691,12.685111999511719,82050400,0.0
2023-01-19 00:00:00-05:00,12.34868982897409,12.388269870387589,11.497738755026493,11.646161079406738,99618400,0.0
2023-01-20 00:00:00-05:00,11.982581456503487,12.72469015569097,11.6263696206039,12.655426979064941,89921600,0.0
2023-01-23 00:00:00-05:00,13.041324722691776,14.753121784756502,12.99185061734492,14.58491039276123,125178200,0.0
2023-01-24 00:00:00-05:00,14.139644546186558,14.693752796727706,14.011012256888792,14.288065910339355,75816000,0.0
2023-01-25 00:00:00-05:00,13.56574808105594,14.476068229475338,13.189746198566182,14.377120018005371,93424800,0.0
2023-01-26 00:00:00-05:00,14.861965366242355,15.139019041818244,14.149540685407118,15.079649925231934,111443300,0.0
2023-01-27 00:00:00-05:00,14.34743476880209,15.198385732620642,14.199013407270485,14.822383880615234,101402600,0.0
2023-01-30 00:00:00-05:00,14.19901365626497,14.466172300434767,13.585536293955025,13.654800415039062,81286700,0.0
2023-01-31 00:00:00-05:00,13.526167800394788,14.396908776683173,13.496483717009957,14.36722469329834,97363300,0.0
2023-02-01 00:00:00-05:00,14.575015798117972,17.098186749916934,14.525542635001996,16.62323570251465,150219900,0.0
2023-02-02 00:00:00-05:00,17.14765869238926,18.206400160859076,16.831025941513808,17.7314510345459,116420900,0.0
2023-02-03 00:00:00-05:00,16.603447822769226,17.939242120067824,16.42534141318802,16.751869201660156,94867600,0.0
2023-02-06 00:00:00-05:00,15.95039113908214,16.682604859781133,15.693125609151078,15.930601119995117,77254800,0.0
2023-02-07 00:00:00-05:00,16.04933645892303,17.66218705559639,15.960283265865975,17.404922485351562,119100900,0.0
2023-02-08 00:00:00-05:00,17.147659769637634,17.50387258039051,16.177971437343892,16.316497802734375,72392900,0.0
2023-02-09 00:00:00-05:00,17.14765872192433,17.711661046302673,16.039442204671396,16.405550003051758,84793400,0.0
2023-02-10 00:00:00-05:00,15.891021236401055,16.04933761607707,15.089544328381209,15.633757591247559,78447700,0.0
2023-02-13 00:00:00-05:00,15.82175835825047,16.44513076649547,15.406177381847186,16.247234344482422,60332300,0.0
2023-02-14 00:00:00-05:00,15.891021375694237,17.345555721727557,15.505125432761378,17.147659301757812,111460800,0.0
2023-02-15 00:00:00-05:00,16.63313093659225,17.404924747644536,16.25712998491871,17.355451583862305,74638200,0.0
2023-02-16 00:00:00-05:00,16.474813342659797,16.989342512391413,16.009759220371652,16.108707427978516,81774100,0.0
2023-02-17 00:00:00-05:00,15.811862223119533,15.950390463581918,14.88175306914074,15.336913108825684,82871000,0.0
2023-02-21 00:00:00-05:00,14.634382569440655,15.148911687413985,13.743852565120594,13.862589836120605,68114400,0.0
2023-02-22 00:00:00-05:00,13.961538134876827,14.258381806409663,13.397535819512454,13.684484481811523,70471500,0.0
2023-02-23 00:00:00-05:00,14.970806461950474,15.178596938111797,14.129749548049878,14.921332359313965,94198000,0.0
2023-02-24 00:00:00-05:00,14.139645252732855,14.387014834441716,13.813117480368366,14.159435272216797,74689200,0.0
2023-02-27 00:00:00-05:00,14.80259602605211,14.852070131853342,14.34743595123291,14.34743595123291,61896900,0.0
2023-02-28 00:00:00-05:00,14.248487654874896,15.10933463723149,14.159435397330492,14.495857238769531,59300500,0.0
2023-03-01 00:00:00-05:00,14.65417455599826,15.059860522350528,14.32764583731172,14.525542259216309,63832600,0.0
2023-03-02 00:00:00-05:00,13.862591531734148,15.079649416079599,13.51627374122736,14.852069854736328,73485400,0.0
2023-03-03 00:00:00-05:00,14.89164799985086,15.604072611180257,14.49585612971675,15.515019416809082,72055200,0.0
2023-03-06 00:00:00-05:00,15.663442019252848,16.079022996815596,14.881754169768646,15.01038646697998,56252700,0.0
2023-03-07 00:00:00-05:00,15.030175502236338,15.25775601011224,14.337540856059377,14.495857238769531,66744300,0.0
2023-03-08 00:00:00-05:00,14.703647741326192,15.732705173585842,14.693753675127214,15.64365291595459,71670200,0.0
2023-03-09 00:00:00-05:00,15.584283303190148,16.36597207000651,14.644279102201924,14.753121376037598,87945700,0.0
2023-03-10 00:00:00-05:00,14.951017667221588,15.08954497721465,13.664696555223566,13.90217113494873,128656300,0.0
2023-03-13 00:00:00-04:00,13.466800147683786,14.387015324981213,13.011640064074747,13.87248706817627,121199400,0.0
2023-03-14 00:00:00-04:00,14.604699241663901,15.376492014832808,14.387013761771135,15.059859275817871,107012500,0.0
2023-03-15 00:00:00-04:00,14.44638437089237,14.693753959821073,13.605327391078736,14.535436630249023,126199700,0.0
2023-03-16 00:00:00-04:00,14.327645845164383,16.346182555488944,14.149540386448745,16.247234344482422,108646600,0.0
2023-03-17 00:00:00-04:00,16.31649702690874,16.722182981074106,15.663441496433757,15.960284233093262,79179200,0.0
2023-03-20 00:00:00-04:00,15.970178092008968,16.613340453899852,15.613966267497682,16.43523406982422,62536400,0.0
2023-03-21 00:00:00-04:00,16.856396278431703,17.371701020529674,15.796057965287787,16.519466400146484,76051300,0.0
2023-03-22 00:00:00-04:00,16.529378660613286,17.857278512061846,16.053713549978763,16.093351364135742,95075000,0.0
2023-03-23 00:00:00-04:00,16.866308492946494,18.00592352298339,16.47982893884041,17.332063674926758,97514400,0.0
2023-03-24 00:00:00-04:00,16.945586770905255,17.06450210817465,15.89515913777464,16.420372009277344,90583300,0.0
2023-03-27 00:00:00-04:00,16.608655629057452,16.767210660685084,15.667234419971491,15.825789451599121,64605200,0.0
2023-03-28 00:00:00-04:00,15.726691718545933,15.736601644057819,14.76545068033077,15.488859176635742,75621600,0.0
2023-03-29 00:00:00-04:00,16.19244848445196,17.312243651362603,16.152808780782504,16.925765991210938,90012500,0.0
2023-03-30 00:00:00-04:00,17.59962376402741,18.124838435166208,17.421248898730276,17.78790855407715,80622200,0.0
2023-03-31 00:00:00-04:00,17.40142912764029,18.17438625070272,17.272603885525665,18.134746551513672,68287500,0.0
2023-04-03 00:00:00-04:00,17.758179113425225,17.996011641581042,16.97531205438636,17.649171829223633,57147300,0.0
2023-04-04 00:00:00-04:00,17.70863117478684,17.738359059135668,16.36091164064305,16.638383865356445,64093400,0.0
2023-04-05 00:00:00-04:00,16.103260329125465,16.16271799187492,15.241116658758248,15.776240348815918,86953300,0.0
2023-04-06 00:00:00-04:00,15.310483414000778,15.86542692482421,14.953734621725866,15.518587112426758,65901100,0.0
2023-04-10 00:00:00-04:00,15.082562800983995,16.351004063735004,15.003285281128468,16.24199676513672,63177700,0.0
2023-04-11 00:00:00-04:00,16.569014440441645,16.638383914418217,15.964524145359304,16.06361961364746,52220200,0.0
2023-04-12 00:00:00-04:00,16.50955825589882,16.588835771684494,15.1321107103258,15.191568374633789,76962300,0.0
2023-04-13 00:00:00-04:00,15.251027337908505,15.805969961285829,14.90418748950076,15.528498649597168,59431400,0.0
2023-04-14 00:00:00-04:00,15.498767722895742,16.043801291733693,14.943824229427799,15.439309120178223,56858500,0.0
2023-04-17 00:00:00-04:00,14.963644078687782,15.478947873635759,14.814998044425197,15.439309120178223,56761700,0.0
2023-04-18 00:00:00-04:00,15.875338069150466,16.21226798248762,15.270845832258793,15.637504577636719,56833200,0.0
2023-04-19 00:00:00-04:00,15.062742355797996,15.241117240985503,14.844728712242436,15.122200965881348,53185600,0.0
2023-04-20 00:00:00-04:00,14.656444727043054,15.75642097160611,14.616805968997427,15.062742233276367,65191000,0.0
2023-04-21 00:00:00-04:00,14.953736488750145,14.953736488750145,14.349244222816692,14.725812911987305,68276000,0.0
2023-04-24 00:00:00-04:00,14.64653558678972,14.90418800043599,14.230328132457307,14.49789047241211,48740200,0.0
2023-04-25 00:00:00-04:00,14.289784415882353,14.289784415882353,13.051072181114899,13.080801010131836,89382800,0.0
2023-04-26 00:00:00-04:00,13.497010055528376,13.665475015767674,13.060983711125958,13.249267578125,68911200,0.0
2023-04-27 00:00:00-04:00,13.209628524594791,13.477190847846257,12.406943444965455,13.417732238769531,87997600,0.0
2023-04-28 00:00:00-04:00,13.6357462843132,14.14114116878258,13.417732637962427,14.10150146484375,65456800,0.0
2023-05-01 00:00:00-04:00,14.329423678933678,14.65644364493126,14.190687563485854,14.527617454528809,57191000,0.0
2023-05-02 00:00:00-04:00,14.527618106063542,14.775360572933828,13.784390705452685,14.220417976379395,61126500,0.0
2023-05-03 00:00:00-04:00,13.992495310471778,14.487980275906597,13.685295161137232,13.7150239944458,71240700,0.0
2023-05-04 00:00:00-04:00,13.378092657030535,13.87357757025389,13.100621370242951,13.477190017700195,62383900,0.0
2023-05-05 00:00:00-04:00,13.497009708383262,14.547438201383917,13.318634826820643,14.339334487915039,62449400,0.0
2023-05-08 00:00:00-04:00,14.329424911634316,14.567257462808215,13.94294630717982,14.517708778381348,41012800,0.0
2023-05-09 00:00:00-04:00,13.94294553332403,13.992494215000866,13.615925557344415,13.814119338989258,57414300,0.0
2023-05-10 00:00:00-04:00,14.250146088218898,14.507798467568728,13.784390009403818,14.180778503417969,78346700,0.0
2023-05-11 00:00:00-04:00,14.200597868037253,14.299695231014395,13.516829087694955,13.94294548034668,54962200,0.0
2023-05-12 00:00:00-04:00,14.051953315799475,14.240237178712588,13.467280930605416,13.89339828491211,46095300,0.0
2023-05-15 00:00:00-04:00,13.972674856405833,15.003283432611568,13.843848666247307,14.973553657531738,64054000,0.0
2023-05-16 00:00:00-04:00,14.844727349030283,15.42939969006468,14.834818369145136,14.914095878601074,54294600,0.0
2023-05-17 00:00:00-04:00,15.340213193059997,16.192447889382787,15.00328422981467,15.994253158569336,77302900,0.0
2023-05-18 00:00:00-04:00,16.19244721041196,17.639262258258157,16.17262736013668,17.51043701171875,91302200,0.0
2023-05-19 00:00:00-04:00,17.43116019981175,17.480707937362084,16.90594548720307,17.23296546936035,49381700,0.0
2023-05-22 00:00:00-04:00,16.76720997936822,17.559985105292846,16.737480203349175,17.371702194213867,43944400,0.0
2023-05-23 00:00:00-04:00,17.044684185214912,17.39152216149891,16.638386650032047,16.7672119140625,41287200,0.0
2023-05-24 00:00:00-04:00,15.746511112577291,16.083440064640513,15.350122609168377,15.885247230529785,87475800,0.0
2023-05-25 00:00:00-04:00,17.996010053852412,19.21490236190897,17.470795419184867,18.977069854736328,124768700,0.0
2023-05-26 00:00:00-04:00,19.868943151308937,23.049957098893152,19.849125192385003,22.67338752746582,112964600,0.0
2023-05-30 00:00:00-04:00,24.348128329267166,24.57605093568146,22.386008526863755,22.663480758666992,99439100,0.0
2023-05-31 00:00:00-04:00,21.513953641568214,22.465285640871446,20.899553418588443,20.95901107788086,73938700,0.0
2023-06-01 00:00:00-04:00,21.286030606888584,22.54456269212277,20.64190062228148,21.959890365600586,74757400,0.0
2023-06-02 00:00:00-04:00,22.48510735808002,22.683300202223094,21.335582435624964,21.821157455444336,64902000,0.0
2023-06-05 00:00:00-04:00,21.553592951050447,21.553592951050447,20.473435727810802,20.780635833740234,35747700,0.0
2023-06-06 00:00:00-04:00,20.3644305529775,21.86079531880134,20.245515224241537,21.533775329589844,49445200,0.0
2023-06-07 00:00:00-04:00,21.949982575707153,22.8914047225493,21.295942602787893,21.44458770751953,65066100,0.0
2023-06-08 00:00:00-04:00,21.593232855485535,22.267090731974907,21.266211006871355,22.078807830810547,43045900,0.0
2023-06-09 00:00:00-04:00,22.82203738907308,23.277882634047906,21.890525157445076,22.197725296020508,50040000,0.0
2023-06-12 00:00:00-04:00,22.99049988049165,24.457134715834687,22.921130407497493,24.377857208251953,52761000,0.0
2023-06-13 00:00:00-04:00,25.557115731217245,25.844496031754545,24.49677630475157,25.329191207885742,82626800,0.0
2023-06-14 00:00:00-04:00,25.08144708826884,26.458896504266246,24.61569192595499,26.399436950683594,84622000,0.0
2023-06-15 00:00:00-04:00,25.517473003483797,26.330067957873773,25.19045303671405,25.715667724609375,64797200,0.0
2023-06-16 00:00:00-04:00,26.52826381721819,26.548083668206125,24.903071948582983,25.0120792388916,55258200,0.0
2023-06-20 00:00:00-04:00,24.63551096143372,25.31927879386834,23.76345643901351,24.427406311035156,43349100,0.0
2023-06-21 00:00:00-04:00,23.988722257674915,24.306321917478307,22.529748110561847,22.609148025512695,59099400,0.0
2023-06-22 00:00:00-04:00,22.11289681364855,23.204645108252073,22.053345461073558,22.926746368408203,44637500,0.0
2023-06-23 00:00:00-04:00,21.785371893812368,22.11289676000756,21.358596666609472,21.725820541381836,44180600,0.0
2023-06-26 00:00:00-04:00,22.152598569696465,23.14509851918497,21.884623129004147,21.92432403564453,47524300,0.0
2023-06-27 00:00:00-04:00,22.122823714883186,24.3063223625336,21.844923060945135,24.187223434448242,54471000,0.0
2023-06-28 00:00:00-04:00,23.006146262825673,24.25669627038442,22.93667157791294,23.542095184326172,55584500,0.0
2023-06-29 00:00:00-04:00,23.929173148091813,23.929173148091813,22.99622271385972,23.63142204284668,45213700,0.0
2023-06-30 00:00:00-04:00,24.3857219273882,24.98122223836011,24.10782317049973,24.64377212524414,47279500,0.0
2023-07-03 00:00:00-04:00,25.0705459885299,25.556870679142577,24.494896161575795,25.29882049560547,25289900,0.0
2023-07-05 00:00:00-04:00,24.802570810773936,24.991146310702327,23.651271146130586,23.67112159729004,38292000,0.0
2023-07-06 00:00:00-04:00,22.430494816836326,22.877118570267243,21.874695484702205,22.80764389038086,49420400,0.0
2023-07-07 00:00:00-04:00,22.906898754714632,23.849774463791384,22.658773767383217,22.787797927856445,41157600,0.0
2023-07-10 00:00:00-04:00,22.98629645193876,24.256696945711063,22.906896539393195,24.137596130371094,39943500,0.0
2023-07-11 00:00:00-04:00,24.494897933746802,24.554447397935007,23.105398446747532,24.157447814941406,44231000,0.0
2023-07-12 00:00:00-04:00,25.249197116068895,25.65612190960448,24.81249664506366,25.49732208251953,54237000,0.0
2023-07-13 00:00:00-04:00,26.311172127166156,27.244122547297525,26.01342102642127,27.075397491455078,42645500,0.0
2023-07-14 00:00:00-04:00,27.13494529062755,27.819770698003598,25.705745016595024,26.03326988220215,47819700,0.0
2023-07-17 00:00:00-04:00,26.08289783672516,28.316022593166046,25.57672266476669,27.849546432495117,50068600,0.0
2023-07-18 00:00:00-04:00,27.541870959159453,28.335870085449457,26.886821206709392,28.048046112060547,46023900,0.0
2023-07-19 00:00:00-04:00,28.196920182332057,28.22669585890024,26.83719646745306,27.0853214263916,49085500,0.0
2023-07-20 00:00:00-04:00,25.596574227799113,25.8645477714889,23.690974277213265,24.107824325561523,67340600,0.0
2023-07-21 00:00:00-04:00,24.822422217027317,25.39807207149831,24.316247051244382,24.733097076416016,43045200,0.0
2023-07-24 00:00:00-04:00,24.72317252542693,25.24919815749424,24.326172941339966,24.713247299194336,29911500,0.0
2023-07-25 00:00:00-04:00,25.120171398490555,26.390571924653646,25.120171398490555,25.93402099609375,39288500,0.0
2023-07-26 00:00:00-04:00,25.010998700157785,25.537022445346476,24.028422115092678,24.872047424316406,54225500,0.0
2023-07-27 00:00:00-04:00,26.797496010137927,27.83962009775933,25.804996157910598,26.261545181274414,83083300,0.0
2023-07-28 00:00:00-04:00,27.780069657005566,28.226695331974774,26.946369659091822,27.93886947631836,60636000,0.0
2023-07-31 00:00:00-04:00,28.246546540547392,28.534372423216293,27.74037325213544,28.196922302246094,37007400,0.0
2023-08-01 00:00:00-04:00,27.60141987304226,28.50459457117866,27.23419599430629,28.316020965576172,36908400,0.0
2023-08-02 00:00:00-04:00,27.293745865870992,27.293745865870992,24.604072181931365,25.090396881103516,81886500,0.0
2023-08-03 00:00:00-04:00,24.107821897428767,25.407996151044276,23.889470722211747,24.96137046813965,51031600,0.0
2023-08-04 00:00:00-04:00,24.633844250494146,25.7553700626257,23.89939464004844,24.69339370727539,59052800,0.0
2023-08-07 00:00:00-04:00,25.269045732183105,25.586647280119102,24.792646249844005,25.467546463012695,40030800,0.0
2023-08-08 00:00:00-04:00,24.31624547219123,24.365869705733537,23.254270972823253,24.27654457092285,52987700,0.0
2023-08-09 00:00:00-04:00,24.21699473365565,24.256695634303675,22.77787115994124,22.916820526123047,49811500,0.0
2023-08-10 00:00:00-04:00,23.48254503603822,24.226919883485866,22.142669932023836,22.638919830322266,65350400,0.0
2023-08-11 00:00:00-04:00,21.765523047253126,21.83499773716627,20.852423066158984,20.981447219848633,66018400,0.0
2023-08-14 00:00:00-04:00,20.703547881567637,22.787796092884076,20.505047150469277,22.75802230834961,55110100,0.0
2023-08-15 00:00:00-04:00,22.450347042975896,22.648845873640138,21.537247121399442,21.63649559020996,45574800,0.0
2023-08-16 00:00:00-04:00,21.547170556587098,21.61664713534622,20.316470985645083,20.376022338867188,54398900,0.0
2023-08-17 00:00:00-04:00,20.465347484694316,20.5943716306461,19.562170890859,19.760671615600586,50769000,0.0
2023-08-18 00:00:00-04:00,19.075845720804715,20.276771478693057,18.966672028664437,19.998870849609375,63506400,0.0
2023-08-21 00:00:00-04:00,20.35617282688061,21.864773103325454,20.23707200798516,21.715896606445312,60272400,0.0
2023-08-22 00:00:00-04:00,22.539671286458038,22.648846878645937,20.941747772576377,21.18987274169922,59837800,0.0
2023-08-23 00:00:00-04:00,20.792871898349333,22.718320178021553,20.74324577173314,22.430496215820312,67010200,0.0
2023-08-24 00:00:00-04:00,23.710818556080596,23.74059423024481,20.08819482666206,20.256919860839844,87095000,0.0
2023-08-25 00:00:00-04:00,20.187445316093058,21.01122004305861,19.254495009503604,20.50504493713379,73315300,0.0
2023-08-28 00:00:00-04:00,21.100546190126465,21.42807105174139,20.60429628507093,21.25934600830078,57976500,0.0
2023-08-29 00:00:00-04:00,20.931823285739,23.135172407853453,20.8127224634156,22.89697265625,62384100,0.0
2023-08-30 00:00:00-04:00,22.74809548456232,23.522246009814204,22.202221351951376,23.22449493408203,58519900,0.0
2023-08-31 00:00:00-04:00,22.996222001085403,24.097897459563335,22.9664463235708,23.681047439575195,57584100,0.0
2023-09-01 00:00:00-04:00,24.16737244927616,24.32617227858452,23.333672398885646,23.839847564697266,50066200,0.0
2023-09-05 00:00:00-04:00,23.571872142848182,24.395646967276512,23.20464635442055,23.839847564697266,39873800,0.0
2023-09-06 00:00:00-04:00,23.69097356525905,24.107823601080256,22.490047695828036,23.264198303222656,45032300,0.0
2023-09-07 00:00:00-04:00,21.696047445789155,21.884621055332463,20.842496964333105,21.70597267150879,61690800,0.0
2023-09-08 00:00:00-04:00,21.557094385728327,22.02357049053535,21.060844499282105,21.3387451171875,40693000,0.0
2023-09-11 00:00:00-04:00,22.073195491339696,22.142670174976864,20.435571187595222,21.289121627807617,55474600,0.0
2023-09-12 00:00:00-04:00,20.842495088850654,21.815144405333346,20.693620502538906,20.78294563293457,49005100,0.0
2023-09-13 00:00:00-04:00,20.723394955656712,21.705971421856017,20.634071715409,21.070770263671875,56098900,0.0
2023-09-14 00:00:00-04:00,21.696047259610314,21.765521946008327,20.892121020607867,21.487621307373047,54201500,0.0
2023-09-15 00:00:00-04:00,21.080694552733174,21.110470226855647,19.30412097703938,19.641571044921875,77052100,0.0
2023-09-18 00:00:00-04:00,19.14532397025677,20.028648275049022,19.055998827857177,19.7805233001709,41631100,0.0
2023-09-19 00:00:00-04:00,19.644325587641138,19.694032130180315,18.968305990483255,19.31625747680664,50047300,0.0
2023-09-20 00:00:00-04:00,19.54490915532059,19.803387328937003,18.33205178328934,18.371816635131836,58695600,0.0
2023-09-21 00:00:00-04:00,17.656031534337433,18.023864458033287,17.288196714458746,17.318021774291992,67572800,0.0
2023-09-22 00:00:00-04:00,17.79521150217681,18.26246129586033,17.52679164999898,17.735563278198242,65378900,0.0
2023-09-25 00:00:00-04:00,17.50691257572671,18.172990506156385,17.23849268670659,18.113340377807617,56510100,0.0
2023-09-26 00:00:00-04:00,17.636149216101924,17.81509579344023,16.89053974131427,17.139076232910156,70947400,0.0
2023-09-27 00:00:00-04:00,17.536735095550767,17.97415987302538,16.791125584397307,17.576501846313477,80980900,0.0
2023-09-28 00:00:00-04:00,17.467145904916098,19.10748651849131,17.24843445516711,18.530881881713867,88909800,0.0
2023-09-29 00:00:00-04:00,19.31625603465831,19.544909147160197,18.55076320113503,18.75953483581543,75483900,0.0
2023-10-02 00:00:00-04:00,18.83906744220071,19.4653785873392,18.322111067563316,18.968305587768555,65982800,0.0
2023-10-03 00:00:00-04:00,18.491115311442016,19.276489637063566,17.427379433247427,17.78527069091797,77741000,0.0
2023-10-04 00:00:00-04:00,18.07357560600695,18.699886787123624,17.66597587463927,18.530881881713867,74018800,0.0
2023-10-05 00:00:00-04:00,18.471232501585078,18.759535750152025,17.715681318238563,18.292285919189453,63584100,0.0
2023-10-06 00:00:00-04:00,17.914509557702274,19.674148254275305,17.556616427231063,19.356019973754883,92579900,0.0
2023-10-09 00:00:00-04:00,18.80924191851152,19.41567156990028,18.341993992995096,19.26654815673828,62652500,0.0
2023-10-10 00:00:00-04:00,19.445493546584594,20.499289580658676,19.177075590908036,19.93262481689453,67622800,0.0
2023-10-11 00:00:00-04:00,20.191104582762453,20.55893943441762,19.703973273834208,20.389934539794922,62660000,0.0
2023-10-12 00:00:00-04:00,20.54899729285231,21.44372828736049,19.97239270561966,20.55893898010254,83392100,0.0
2023-10-13 00:00:00-04:00,20.678236192116408,20.76770948446264,18.739652615708447,18.8688907623291,88671200,0.0
2023-10-16 00:00:00-04:00,19.018011211534834,19.882919023372,18.988188046556846,19.69403076171875,65688500,0.0
2023-10-17 00:00:00-04:00,18.520937689952973,19.64432364351849,17.80515330883877,19.187015533447266,90214600,0.0
2023-10-18 00:00:00-04:00,18.26246217999247,18.680003560422378,17.87474396490423,18.172988891601562,81406400,0.0
2023-10-19 00:00:00-04:00,18.650178863924495,18.819183756839248,17.12913482769173,17.327964782714844,115930900,0.0
2023-10-20 00:00:00-04:00,17.3180237668605,17.685858629061347,16.47299926952049,16.54258918762207,83300000,0.0
2023-10-23 00:00:00-04:00,16.254287270549142,17.158959967239483,15.73733090210238,16.294052124023438,89594500,0.0
2023-10-24 00:00:00-04:00,16.562471953333105,17.029719883514137,16.32387714454813,16.940248489379883,79093400,0.0
2023-10-25 00:00:00-04:00,16.28410992491574,16.423291648159758,14.623887050644349,14.882365226745605,107436500,0.0
2023-10-26 00:00:00-04:00,15.041429189275316,15.588209682365356,14.395233716317446,14.643770217895508,101804700,0.0
2023-10-27 00:00:00-04:00,15.210434276893272,15.478853208955236,14.842600363717082,15.011605262756348,91507300,0.0
2023-10-30 00:00:00-04:00,14.733242858165196,15.02154514931379,13.93792684678388,14.444940567016602,104353000,0.0
2023-10-31 00:00:00-04:00,14.454882448275905,14.942013748810824,13.927985346637959,14.812774658203125,75873100,0.0
2023-11-01 00:00:00-04:00,14.862482423762664,15.926219282265397,14.842599996886124,15.85662841796875,100044400,0.0
2023-11-02 00:00:00-04:00,16.80106631777494,17.308080984102446,16.28410996432145,16.980012893676758,89974100,0.0
2023-11-03 00:00:00-04:00,17.4969691787266,18.650178334271082,17.397554204038368,18.272401809692383,87767200,0.0
2023-11-06 00:00:00-05:00,18.341993630528435,18.530879996750468,17.6262073292814,18.143163681030273,52668800,0.0
2023-11-07 00:00:00-05:00,18.053690808816377,18.769475230351734,17.95427583177961,18.49111557006836,56719500,0.0
2023-11-08 00:00:00-05:00,18.550765404102346,18.849008464854123,18.172990734071217,18.560707092285156,50269100,0.0
2023-11-09 00:00:00-05:00,18.928541252200404,19.584677477908144,18.172990044619322,18.282344818115234,75784400,0.0
2023-11-10 00:00:00-05:00,18.948420727931836,20.658352926024254,18.719767621130178,20.479406356811523,95598900,0.0
2023-11-13 00:00:00-05:00,19.992276712921658,20.08175000482281,19.465378649079668,19.902803421020508,57461900,0.0
2023-11-14 00:00:00-05:00,21.384080106684625,22.258927728600547,21.254840068332694,22.010391235351562,94381100,0.0
2023-11-15 00:00:00-05:00,22.47764087592458,23.04430377259781,22.05015780757587,22.497522354125977,78026200,0.0
2023-11-16 00:00:00-05:00,22.239046500966165,22.775884346421226,22.010391483500154,22.58699607849121,61404400,0.0
2023-11-17 00:00:00-05:00,22.338460263440503,23.15366158813343,22.239047178935817,22.994596481323242,54090800,0.0
2023-11-20 00:00:00-05:00,22.954830964824644,24.277045050149386,22.91506421522306,24.038450241088867,56824400,0.0
2023-11-21 00:00:00-05:00,23.432021145430724,23.461846208347858,22.318578676420145,22.706295013427734,63297900,0.0
2023-11-22 00:00:00-05:00,23.094009554681733,23.978800723926447,22.68640987409036,22.8653564453125,64858200,0.0
2023-11-24 00:00:00-05:00,22.835531821188432,23.014478395830924,22.61682039450479,22.954830169677734,21933500,0.0
2023-11-27 00:00:00-05:00,22.65658656087718,23.402196005284026,22.467698304029575,22.83553123474121,40671500,0.0
2023-11-28 00:00:00-05:00,22.36828569305803,22.756002038292454,21.841387614106758,22.408052444458008,53548300,0.0
2023-11-29 00:00:00-05:00,23.32266309902493,24.157745849514185,23.004536698111483,23.084068298339844,69262600,0.0
2023-11-30 00:00:00-05:00,23.312724534331224,23.33260601329683,22.06010034271331,22.676469802856445,58913500,0.0
2023-12-01 00:00:00-05:00,22.24898669507513,23.064188009678713,21.712148839898447,22.934947967529297,54806900,0.0
2023-12-04 00:00:00-05:00,22.229104111008088,22.308635711383417,21.165368244919467,22.17939567565918,55773300,0.0
2023-12-05 00:00:00-05:00,21.55308588724322,21.96068560129489,21.215076090783338,21.80162239074707,51980900,0.0
2023-12-06 00:00:00-05:00,22.696351754208003,22.755999979728973,21.28466444232571,21.34431266784668,60117400,0.0
2023-12-07 00:00:00-05:00,21.89109472023466,23.26301532487456,21.692264767709244,23.04430389404297,77337000,0.0
2023-12-08 00:00:00-05:00,22.875298973858637,23.89927000453779,22.81565074665084,23.561260223388672,69195000,0.0
2023-12-11 00:00:00-05:00,24.247220943703702,26.22557130597148,24.167689337548623,25.9571533203125,80772700,0.0
2023-12-12 00:00:00-05:00,25.599260786092458,26.563581771913515,25.45013925783728,26.49399185180664,55752100,0.0
2023-12-13 00:00:00-05:00,26.543699980525027,28.233747107889634,26.26533840718097,27.75655746459961,80992700,0.0
2023-12-14 00:00:00-05:00,28.45245863968187,30.311510551125686,28.44251695238961,30.013267517089844,86502800,0.0
2023-12-15 00:00:00-05:00,30.28168604331781,31.405072077519055,30.172331273468032,30.391042709350586,66764600,0.0
2023-12-18 00:00:00-05:00,30.38110031333971,30.530221829608376,29.28753936706457,30.112682342529297,46100400,0.0
2023-12-19 00:00:00-05:00,30.15244687194827,30.798641366304402,30.112682019588462,30.569988250732422,39361100,0.0
2023-12-20 00:00:00-05:00,30.023207937326045,30.440749305064696,27.88579266426935,27.935501098632812,59562600,0.0
2023-12-21 00:00:00-05:00,29.642299631483354,30.299910160347995,29.24374808375383,30.150453567504883,62019200,0.0
2023-12-22 00:00:00-05:00,30.509151876012826,30.96748569529284,29.771829113829217,30.39954948425293,42545100,0.0
2023-12-26 00:00:00-05:00,30.81802854801377,32.412234760937444,30.798100495241297,32.043575286865234,48619700,0.0
2023-12-27 00:00:00-05:00,32.442129929401496,32.62147861003868,31.73469923360414,32.232887268066406,47991500,0.0
2023-12-28 00:00:00-05:00,32.472018693926124,32.661329492619835,31.933972675465192,32.10335922241211,34883800,0.0
2023-12-29 00:00:00-05:00,32.05353841331102,32.23288709297396,30.778173403163468,31.286327362060547,53166400,0.0
