Date,Open,High,Low,Close,Volume,Capital Gains
2021-01-04 00:00:00-05:00,1644.9915678100922,1731.5211016372068,1533.340556420267,1690.5823974609375,51865,0.0
2021-01-05 00:00:00-05:00,1704.5388270532328,1704.5388270532328,1593.8182373046875,1593.8182373046875,25118,0.0
2021-01-06 00:00:00-05:00,1646.8525144788953,1651.504640226011,1511.940867812545,1607.774658203125,39256,0.0
2021-01-07 00:00:00-05:00,1538.9231060480668,1538.9231060480668,1413.3157183113744,1427.2720947265625,36603,0.0
2021-01-08 00:00:00-05:00,1375.1683094298917,1471.9325206482333,1343.533855762357,1423.5504150390625,47555,0.0
2021-01-11 00:00:00-05:00,1467.2802811906145,1467.2802811906145,1342.6033264160158,1377.029052734375,41561,0.0
2021-01-12 00:00:00-05:00,1361.211987186745,1389.1247415378061,1312.829879644906,1348.18603515625,46409,0.0
2021-01-13 00:00:00-05:00,1321.2036014625476,1364.0031547493625,1307.2472253907601,1345.3946533203125,24623,0.0
2021-01-14 00:00:00-05:00,1302.595211237537,1302.595211237537,1213.2743967526771,1259.795654296875,65708,0.0
2021-01-15 00:00:00-05:00,1263.5174211531337,1357.4903663198984,1262.5869959534627,1334.229736328125,59382,0.0
2021-01-19 00:00:00-05:00,1279.3346789456155,1280.2651041666668,1196.5268342720447,1200.24853515625,46805,0.0
2021-01-20 00:00:00-05:00,1159.3096477549564,1221.6481280114426,1148.144546813496,1211.4134521484375,30109,0.0
2021-01-21 00:00:00-05:00,1178.848640970178,1216.996071340957,1143.4924859923824,1155.5880126953125,35412,0.0
2021-01-22 00:00:00-05:00,1186.2920587713068,1219.7873639601437,1172.3356816092914,1217.926513671875,45132,0.0
2021-01-25 00:00:00-05:00,1187.2223900168951,1283.0561722831492,1177.9181393114336,1213.2742919921875,42316,0.0
2021-01-26 00:00:00-05:00,1210.483066477793,1271.891123654991,1210.483066477793,1270.0302734375,30789,0.0
2021-01-27 00:00:00-05:00,1335.1600396050346,1484.9584830729166,1335.1600396050346,1465.4195556640625,126508,0.0
2021-01-28 00:00:00-05:00,1384.4727091085927,1417.037591379292,1307.2474168666483,1375.16845703125,51746,0.0
2021-01-29 00:00:00-05:00,1358.4205742844013,1458.906479779412,1343.5337734703257,1439.3675537109375,44899,0.0
2021-02-01 00:00:00-05:00,1370.5163055397597,1386.3335337774895,1261.6565582565609,1271.8912353515625,37052,0.0
2021-02-02 00:00:00-05:00,1211.4134676539045,1266.3085479853794,1208.6221923828125,1208.6221923828125,33916,0.0
2021-02-03 00:00:00-05:00,1201.1788421873587,1288.6388043605668,1188.1528903743276,1286.7779541015625,32430,0.0
2021-02-04 00:00:00-05:00,1294.2213019587841,1324.9253299707468,1251.421747760291,1252.3521728515625,24257,0.0
2021-02-05 00:00:00-05:00,1228.1612008952886,1285.8475603312795,1227.2307757430954,1281.1954345703125,20754,0.0
2021-02-08 00:00:00-05:00,1253.282612124856,1254.2130372266563,1162.1009521484375,1162.1009521484375,31267,0.0
2021-02-09 00:00:00-05:00,1180.7096159561822,1193.7355691661005,1149.0751581606658,1176.9879150390625,25217,0.0
2021-02-10 00:00:00-05:00,1147.2142606227517,1212.3440239995502,1125.814481227518,1163.9619140625,43049,0.0
2021-02-11 00:00:00-05:00,1141.6317679036458,1141.6317679036458,1045.7979683159722,1046.7283935546875,67944,0.0
2021-02-12 00:00:00-05:00,1056.9629431186283,1069.9888948824143,1000.2070104335612,1003.9287109375,42323,0.0
2021-02-16 00:00:00-05:00,971.3638482344778,1003.9287282040245,959.2683213886462,989.9723510742188,41705,0.0
2021-02-17 00:00:00-05:00,1014.1633034604697,1082.0843320408499,1005.789478019053,1041.1456298828125,53529,0.0
2021-02-18 00:00:00-05:00,1084.8756777919693,1112.7884310799272,1058.8237747232085,1072.7801513671875,47681,0.0
2021-02-19 00:00:00-05:00,1028.1197656776264,1032.7718913141766,976.0159585482625,992.7636108398438,59489,0.0
2021-02-22 00:00:00-05:00,1035.5630912395438,1115.5796463577835,1013.232889811198,1105.344970703125,51356,0.0
2021-02-23 00:00:00-05:00,1170.47473427008,1259.795540700865,1102.5537043800039,1125.8143310546875,106660,0.0
2021-02-24 00:00:00-05:00,1150.9360176457058,1179.7791999795916,1014.1635078688918,1015.0939331054688,60533,0.0
2021-02-25 00:00:00-05:00,1054.1717894464477,1203.9702520244514,1032.7720090781615,1197.457275390625,115314,0.0
2021-02-26 00:00:00-05:00,1143.4924974337607,1205.8309818341365,1077.4323124721684,1109.9971923828125,98043,0.0
2021-03-01 00:00:00-05:00,1056.0324809893104,1083.94523379079,999.2765502929688,999.2765502929688,44383,0.0
2021-03-02 00:00:00-05:00,990.9026428950503,1095.110244776971,990.9026428950503,1092.3189697265625,56859,0.0
2021-03-03 00:00:00-05:00,1089.527744878946,1198.387476860873,1080.2234942822,1193.7353515625,88853,0.0
2021-03-04 00:00:00-05:00,1202.1092936751147,1416.1070781528829,1187.2224912766612,1368.6553955078125,228843,0.0
2021-03-05 00:00:00-05:00,1267.2390590122768,1465.4196166992188,1227.2307774135045,1237.4654541015625,201049,0.0
2021-03-08 00:00:00-05:00,1241.187026730633,1442.1588391547837,1229.0915009828834,1437.5067138671875,141868,0.0
2021-03-09 00:00:00-05:00,1293.2909517847415,1299.8039278009237,1142.5620782673832,1174.196533203125,120637,0.0
2021-03-10 00:00:00-05:00,1109.9972127737901,1239.3263096518765,1109.9972127737901,1236.5350341796875,139226,0.0
2021-03-11 00:00:00-05:00,1133.2578460300429,1149.0750737660944,1060.6846834763949,1083.9453125,91608,0.0
2021-03-12 00:00:00-05:00,1146.283724716618,1166.7530769437005,1112.7884210723014,1118.3709716796875,96921,0.0
2021-03-15 00:00:00-04:00,1098.8319775172642,1123.953453717913,1042.0760498046875,1042.0760498046875,59864,0.0
2021-03-16 00:00:00-04:00,1010.441742960612,1024.3981206258138,956.477082655165,1004.8591918945312,123476,0.0
2021-03-17 00:00:00-04:00,1044.8673944068232,1069.9888722776907,943.4510578170247,963.92041015625,116057,0.0
2021-03-18 00:00:00-04:00,1006.7201177304988,1090.4583900001337,1002.067991493297,1087.6671142578125,117314,0.0
2021-03-19 00:00:00-04:00,1078.362851671007,1123.0232631293404,1016.9547859157987,1046.7283935546875,109835,0.0
2021-03-22 00:00:00-04:00,1008.5808609545968,1019.745962736382,942.5206754123676,977.8768310546875,99001,0.0
2021-03-23 00:00:00-04:00,968.5723961843571,1070.9191431394765,963.9202713227608,1056.9627685546875,95816,0.0
2021-03-24 00:00:00-04:00,1006.7200495380522,1102.5538435328945,990.9028214029811,1100.6929931640625,110478,0.0
2021-03-25 00:00:00-04:00,1156.518419630984,1184.4311731216756,1081.153985206117,1093.24951171875,174038,0.0
2021-03-26 00:00:00-04:00,1091.388707047802,1096.0408328237943,930.4251551984671,933.2164306640625,147375,0.0
2021-03-29 00:00:00-04:00,961.1291681273372,1008.5808501936432,949.0336413261218,979.7376708984375,96375,0.0
2021-03-30 00:00:00-04:00,995.554861392615,1018.8154889952461,977.8767844146153,986.2506103515625,48042,0.0
2021-03-31 00:00:00-04:00,958.3379246097747,962.059625287871,887.6256117259468,909.025390625,114980,0.0
2021-04-01 00:00:00-04:00,864.3649898840009,864.3649898840009,808.5394792348728,810.4003295898438,106517,0.0
2021-04-05 00:00:00-04:00,771.3224398621128,800.1656191573184,754.5747873681223,762.0181884765625,101831,0.0
2021-04-06 00:00:00-04:00,775.0441321784286,809.4698619390551,761.0877552484449,785.27880859375,107487,0.0
2021-04-07 00:00:00-04:00,779.6962423673627,805.748145453623,775.0441168162448,788.070068359375,77104,0.0
2021-04-08 00:00:00-04:00,762.9486800289387,782.487609639436,758.2965539312013,761.0878295898438,63398,0.0
2021-04-09 00:00:00-04:00,775.9744877501996,789.93086342916,764.8093872070312,764.8093872070312,49329,0.0
2021-04-12 00:00:00-04:00,776.9049517463235,812.2611052389706,776.9049517463235,790.861328125,62818,0.0
2021-04-13 00:00:00-04:00,775.0441358421282,817.8436919630619,770.3920101768092,795.5134887695312,50197,0.0
2021-04-14 00:00:00-04:00,802.02642629378,835.5217294800632,782.4874994351148,824.3566284179688,51977,0.0
2021-04-15 00:00:00-04:00,800.1655747751229,816.9132263401837,775.9745225144796,780.6266479492188,53918,0.0
2021-04-16 00:00:00-04:00,781.5571271869499,797.3743547609714,776.9050014298847,792.7222290039062,41405,0.0
2021-04-19 00:00:00-04:00,814.1219792928238,876.4604622786743,801.0960276241386,852.2694091796875,100171,0.0
2021-04-20 00:00:00-04:00,870.8779317241266,906.2340870719011,852.2694289095085,892.2777099609375,87714,0.0
2021-04-21 00:00:00-04:00,888.5559931668369,899.7210946516558,818.7741088867188,818.7741088867188,60671,0.0
2021-04-22 00:00:00-04:00,825.2870684257232,888.5559755880109,821.5653680044122,876.46044921875,112423,0.0
2021-04-23 00:00:00-04:00,865.2954018802966,866.2258270436088,814.1220178981285,823.42626953125,64598,0.0
2021-04-26 00:00:00-04:00,824.356739180105,826.2175896071482,776.9050532905053,783.4180297851562,49536,0.0
2021-04-27 00:00:00-04:00,770.3920001071142,804.8177295804998,768.5311498653097,797.3743286132812,69221,0.0
2021-04-28 00:00:00-04:00,810.4003256344929,836.4522304769336,808.5394752886043,832.7305297851562,49770,0.0
2021-04-29 00:00:00-04:00,799.2351965735685,854.1302799237903,795.5134960074517,815.9828491210938,66725,0.0
2021-04-30 00:00:00-04:00,852.269405332934,891.3472601626099,839.243453723042,885.7647094726562,72706,0.0
2021-05-03 00:00:00-04:00,865.2953680203045,927.6338515228426,862.5040926395939,916.46875,57487,0.0
2021-05-04 00:00:00-04:00,948.1031486444631,1008.5807783420981,945.3118734276492,959.2682495117188,111163,0.0
2021-05-05 00:00:00-04:00,923.912182508841,962.0596140122273,904.3732541778384,943.4511108398438,80880,0.0
2021-05-06 00:00:00-04:00,947.1726949323416,978.807146433029,916.4686684757924,920.1903686523438,78585,0.0
2021-05-07 00:00:00-04:00,887.6255347842263,903.4427612950562,860.643207206928,879.251708984375,60901,0.0
2021-05-10 00:00:00-04:00,898.7906309219984,1001.1373901367188,898.7906309219984,1001.1373901367188,82596,0.0
2021-05-11 00:00:00-04:00,1084.8757766651995,1096.040878997946,982.5290052816902,990.90283203125,161153,0.0
2021-05-12 00:00:00-04:00,1050.4498294064842,1123.953404714821,1036.4934543479392,1117.4404296875,180536,0.0
2021-05-13 00:00:00-04:00,1056.0325561095872,1103.484239247551,1016.0242742481666,1062.5455322265625,137195,0.0
2021-05-14 00:00:00-04:00,1019.7458838171785,1053.2411865702975,939.7293272402832,969.5029296875,106978,0.0
2021-05-17 00:00:00-04:00,998.3461668433213,1043.0065731885957,991.8331909179688,991.8331909179688,102681,0.0
2021-05-18 00:00:00-04:00,972.2942304959262,1020.6763357454843,961.1291292844897,1019.7459106445312,59975,0.0
2021-05-19 00:00:00-04:00,1078.3627391107113,1087.6669905266795,954.6161952783345,957.407470703125,139990,0.0
2021-05-20 00:00:00-04:00,936.9380535057253,939.7293287396053,870.8778729705649,881.112548828125,98809,0.0
2021-05-21 00:00:00-04:00,864.3649557390103,901.5819613682465,863.4345305982794,892.2777099609375,106008,0.0
2021-05-24 00:00:00-04:00,870.877903471057,873.669178802695,815.052396838297,831.800048828125,85713,0.0
2021-05-25 00:00:00-04:00,812.2611022673665,836.452154568571,802.9568513822878,824.3566284179688,118798,0.0
2021-05-26 00:00:00-04:00,817.8436994041522,838.3130525177942,804.8177474227435,815.9828491210938,68672,0.0
2021-05-27 00:00:00-04:00,819.7045102357588,825.287060816252,792.7221824300414,801.0960083007812,70653,0.0
2021-05-28 00:00:00-04:00,795.5135008894731,800.1656266256689,771.3224470612552,782.487548828125,61235,0.0
2021-06-01 00:00:00-04:00,767.6007549855179,802.0264858151714,746.2009763616793,791.7918090820312,96403,0.0
2021-06-02 00:00:00-04:00,788.0701529712883,798.3048302826038,764.8095227182987,773.183349609375,72812,0.0
2021-06-03 00:00:00-04:00,800.1655770657537,825.2870544852599,789.930901080029,813.1915283203125,117610,0.0
2021-06-04 00:00:00-04:00,789.9309115814547,791.7917617854157,749.9226321962926,756.4356079101562,114826,0.0
2021-06-07 00:00:00-04:00,764.809533205481,785.2788881087907,761.0878323139701,771.322509765625,81298,0.0
2021-06-08 00:00:00-04:00,752.7139290904547,802.9568860383961,749.922653704458,785.27880859375,74672,0.0
2021-06-09 00:00:00-04:00,774.1137107090643,797.3743390356589,771.3224353098731,795.5134887695312,45993,0.0
2021-06-10 00:00:00-04:00,792.7221226917615,799.235097878196,759.2268217329546,767.6006469726562,91837,0.0
2021-06-11 00:00:00-04:00,763.8789930904613,775.9745191686294,757.3660175099093,759.2268676757812,45091,0.0
2021-06-14 00:00:00-04:00,754.5747396979533,766.6702657350352,725.731562224912,726.6619873046875,83411,0.0
2021-06-15 00:00:00-04:00,733.1749763774158,750.8530532190032,718.2881748266053,746.200927734375,72045,0.0
2021-06-16 00:00:00-04:00,735.9663486620616,781.5571844198885,729.4533721252292,761.0878295898438,92886,0.0
2021-06-17 00:00:00-04:00,772.252799182681,772.252799182681,722.9402710421002,740.6183471679688,91972,0.0
2021-06-18 00:00:00-04:00,757.3660732502109,804.8177559722757,752.7139474931457,792.7222290039062,100419,0.0
2021-06-21 00:00:00-04:00,787.139582651104,809.4697835773765,775.9744821879679,776.9049072265625,93701,0.0
2021-06-22 00:00:00-04:00,781.557089796344,791.7917659722485,762.9485876583359,766.6702880859375,65622,0.0
2021-06-23 00:00:00-04:00,767.6006882106076,767.6006882106076,746.2009114483725,760.1572875976562,41092,0.0
2021-06-24 00:00:00-04:00,739.6879128153009,740.6183378628674,715.4968615785741,720.1489868164062,81396,0.0
2021-06-25 00:00:00-04:00,718.2881615867077,731.3141127035651,708.0534857091769,726.6619873046875,52371,0.0
2021-06-28 00:00:00-04:00,711.7751796611612,711.7751796611612,664.3235010170838,672.6973266601562,103993,0.0
2021-06-29 00:00:00-04:00,676.4190595910904,683.8624605219416,655.94970703125,655.94970703125,79250,0.0
2021-06-30 00:00:00-04:00,659.6714582861397,670.8365605420405,655.019332346181,657.8106079101562,65717,0.0
2021-07-01 00:00:00-04:00,665.2540235300025,693.1667797620306,660.6018974913312,687.584228515625,70996,0.0
2021-07-02 00:00:00-04:00,669.9061624461207,691.3059426353717,668.0453119948814,674.5582885742188,48258,0.0
2021-07-06 00:00:00-04:00,668.0452258802441,705.2622301075556,661.5322501404645,679.2103271484375,83440,0.0
2021-07-07 00:00:00-04:00,666.1844016627261,716.4273593300268,664.3235513787521,707.1231079101562,70657,0.0
2021-07-08 00:00:00-04:00,754.5747707032491,766.6702972373332,722.0098915730225,732.2445678710938,97315,0.0
2021-07-09 00:00:00-04:00,725.731617877761,741.5488454468917,692.236312437249,695.027587890625,60607,0.0
2021-07-12 00:00:00-04:00,688.5145687527126,695.0275444030761,668.9756418016221,669.9060668945312,50124,0.0
2021-07-13 00:00:00-04:00,677.3494666261099,688.5145677243426,668.9756408024355,681.0711669921875,65956,0.0
2021-07-14 00:00:00-04:00,666.1843255120355,692.2362265097129,645.7149747281461,688.5145263671875,115505,0.0
2021-07-15 00:00:00-04:00,693.1667129148219,747.1313697591972,692.2362877968154,732.2445678710938,106250,0.0
2021-07-16 00:00:00-04:00,720.149063963102,784.3483991226033,712.7056627851888,782.487548828125,118157,0.0
2021-07-19 00:00:00-04:00,815.9828595842635,825.2871111188616,776.905003138951,781.55712890625,157010,0.0
2021-07-20 00:00:00-04:00,774.1136699315921,800.1655722850592,732.2445411492344,748.061767578125,109776,0.0
2021-07-21 00:00:00-04:00,740.6183841235018,742.4792343348673,679.2103271484375,679.2103271484375,104893,0.0
2021-07-22 00:00:00-04:00,694.0971419617593,710.8447941806758,682.9320404824817,698.749267578125,66714,0.0
2021-07-23 00:00:00-04:00,684.7929181922684,710.8448226887134,681.0712175499191,682.9320678710938,54997,0.0
2021-07-26 00:00:00-04:00,694.0971538900843,698.7492795863985,678.2799265226159,685.7233276367188,48734,0.0
2021-07-27 00:00:00-04:00,693.1667627361597,763.8790767870968,693.1667627361597,722.9403686523438,121655,0.0
2021-07-28 00:00:00-04:00,715.4969375444495,724.8011890079664,678.2799316903819,684.7929077148438,100879,0.0
2021-07-29 00:00:00-04:00,684.7929295193687,684.7929295193687,642.9237966003856,648.50634765625,133519,0.0
2021-07-30 00:00:00-04:00,666.1843805844484,667.1148056969964,630.8282263076201,634.5499267578125,124399,0.0
2021-08-02 00:00:00-04:00,622.4544067382812,626.1761072270004,597.3329284394268,622.4544067382812,135272,0.0
2021-08-03 00:00:00-04:00,620.5936198474066,642.9238250593072,610.3589424586188,611.2893676757812,123460,0.0
2021-08-04 00:00:00-04:00,611.2892987589198,611.2892987589198,581.5156951664001,590.8199462890625,155327,0.0
2021-08-05 00:00:00-04:00,583.3765300882274,602.9154569332876,581.5156799125074,593.6112060546875,89160,0.0
2021-08-06 00:00:00-04:00,603.8459684623305,606.6372441254845,592.6808658097142,600.124267578125,63397,0.0
2021-08-09 00:00:00-04:00,595.4721597434916,615.0110899850749,592.680883994694,607.5676879882812,58413,0.0
2021-08-10 00:00:00-04:00,602.91556640625,641.0630019350405,601.0547158926505,628.0370483398438,75097,0.0
2021-08-11 00:00:00-04:00,619.6631300333838,657.8105599603639,619.6631300333838,633.6195068359375,88571,0.0
2021-08-12 00:00:00-04:00,641.9933353770863,670.8365142128685,641.9933353770863,655.019287109375,71559,0.0
2021-08-13 00:00:00-04:00,655.0192991394928,660.6018499844316,640.1324968863224,641.9933471679688,50507,0.0
2021-08-16 00:00:00-04:00,650.3672538691742,664.3236327075685,642.9238518220305,649.4368286132812,62154,0.0
2021-08-17 00:00:00-04:00,664.3235443859566,704.3318250702648,664.3235443859566,686.6537475585938,129723,0.0
2021-08-18 00:00:00-04:00,688.5145450256032,719.2185720335017,679.210294417149,718.2881469726562,83790,0.0
2021-08-19 00:00:00-04:00,725.7315221535732,744.3400227216135,687.5840959890905,700.6100463867188,151855,0.0
2021-08-20 00:00:00-04:00,695.0275843247123,710.844811812691,681.071207129437,684.7929077148438,65562,0.0
2021-08-23 00:00:00-04:00,665.2539773676599,665.2539773676599,626.1761213544547,630.8282470703125,80216,0.0
2021-08-24 00:00:00-04:00,624.3153473126447,633.6195998806423,618.7327957718461,628.0370483398438,45395,0.0
2021-08-25 00:00:00-04:00,622.4543870703716,623.3848121631524,600.1241848436318,615.010986328125,70225,0.0
2021-08-26 00:00:00-04:00,618.7326919093276,628.036942915483,605.7067405007102,614.08056640625,66016,0.0
2021-08-27 00:00:00-04:00,611.2893055612251,614.0805809290846,575.002725779052,578.7244262695312,99422,0.0
2021-08-30 00:00:00-04:00,570.350631218452,580.5853081244927,557.324678792582,573.1419067382812,91799,0.0
2021-08-31 00:00:00-04:00,573.14189453125,601.0546491350447,571.2810442243303,586.1678466796875,109937,0.0
2021-09-01 00:00:00-04:00,578.724394607544,596.4024709701538,576.8635444641113,595.4720458984375,70761,0.0
2021-09-02 00:00:00-04:00,589.8895211767963,598.2633471871924,584.3069705031988,590.8199462890625,61043,0.0
2021-09-03 00:00:00-04:00,591.7503833125755,594.5416587055594,570.3506052996993,577.7940063476562,76283,0.0
2021-09-07 00:00:00-04:00,577.7940306450911,594.5416837072677,576.8636054749702,584.3070068359375,52510,0.0
2021-09-08 00:00:00-04:00,593.6112000543035,621.5239524079541,588.9590746620283,605.7067260742188,120430,0.0
2021-09-09 00:00:00-04:00,607.567674719769,607.567674719769,588.0287449048914,599.19384765625,79283,0.0
2021-09-10 00:00:00-04:00,586.1678571761794,586.1678571761794,557.3246769024308,584.3070068359375,217047,0.0
2021-09-13 00:00:00-04:00,567.5593766355827,592.6808572407641,564.7681010127847,569.4202270507812,142587,0.0
2021-09-14 00:00:00-04:00,563.8375701152632,576.8635205799723,554.5333197833282,566.6288452148438,165263,0.0
2021-09-15 00:00:00-04:00,566.6289431549782,581.5157462592141,558.2551164088455,560.115966796875,110660,0.0
2021-09-16 00:00:00-04:00,569.4201831913474,577.7940094147496,548.9508302008087,555.4638061523438,144212,0.0
2021-09-17 00:00:00-04:00,559.1854886764135,588.9590920668381,558.2550635704628,580.5852661132812,149779,0.0
2021-09-20 00:00:00-04:00,615.9414808384174,649.4367879534975,611.2893548502119,624.3153076171875,188652,0.0
2021-09-21 00:00:00-04:00,610.3589058381965,636.4108103556805,604.7763548701643,617.8023071289062,121473,0.0
2021-09-22 00:00:00-04:00,604.776324276748,611.2893000766516,575.9331457343185,579.6548461914062,137127,0.0
2021-09-23 00:00:00-04:00,572.2114532368638,578.7244291273646,551.7421004381467,556.3942260742188,112880,0.0
2021-09-24 00:00:00-04:00,571.281012155847,572.211437257078,555.4637854349196,559.1854858398438,86262,0.0
2021-09-27 00:00:00-04:00,575.9332523377578,587.0983557756465,556.3943213214526,561.0464477539062,108019,0.0
2021-09-28 00:00:00-04:00,590.8199280871835,628.96735651486,584.3069525019705,627.1065063476562,200950,0.0
2021-09-29 00:00:00-04:00,625.2457213320974,662.4627285542462,618.7327450682214,658.7410278320312,146030,0.0
2021-09-30 00:00:00-04:00,642.923799762618,659.671453012585,627.106571693205,658.7410278320312,129673,0.0
2021-10-01 00:00:00-04:00,649.4367760264942,690.3754839708577,646.645500484833,658.7410278320312,105091,0.0
2021-10-04 00:00:00-04:00,669.9060923658957,714.566498523622,667.1148169810378,708.9839477539062,148845,0.0
2021-10-05 00:00:00-04:00,695.9579322531594,702.4709075549938,661.532205657749,676.4190063476562,126864,0.0
2021-10-06 00:00:00-04:00,697.8188196818033,706.192645517985,667.114791615804,669.9060668945312,127984,0.0
2021-10-07 00:00:00-04:00,642.9238175561418,647.5759435876623,617.8023369859308,644.78466796875,111022,0.0
2021-10-08 00:00:00-04:00,637.3412284422457,667.114833274584,635.4803781402245,662.4627075195312,81908,0.0
2021-10-11 00:00:00-04:00,675.4886318881817,679.2103323393562,644.7846031659916,678.2799072265625,71076,0.0
2021-10-12 00:00:00-04:00,663.3930404217868,712.7055665681469,662.4626154001575,701.5404663085938,131165,0.0
2021-10-13 00:00:00-04:00,690.3753713177927,698.7491965763643,678.2798459443004,689.4449462890625,91047,0.0
2021-10-14 00:00:00-04:00,651.2976797598379,659.6715070710359,628.0370483398438,628.0370483398438,129286,0.0
2021-10-15 00:00:00-04:00,614.08056640625,624.3152425130208,608.4980158025568,614.08056640625,83666,0.0
2021-10-18 00:00:00-04:00,627.1066045346467,636.4108568274457,599.19384765625,599.19384765625,77757,0.0
2021-10-19 00:00:00-04:00,596.4025035993079,604.7763297028863,577.7940011469115,578.7244262695312,81799,0.0
2021-10-20 00:00:00-04:00,583.3765921790759,588.9591433004068,575.0027654970796,582.4461669921875,74479,0.0
2021-10-21 00:00:00-04:00,593.6111927379261,593.6111927379261,561.0463153933691,562.9071655273438,91565,0.0
2021-10-22 00:00:00-04:00,573.1419151233027,585.2374425528529,554.5334113855331,582.4461669921875,106059,0.0
2021-10-25 00:00:00-04:00,575.0027114345432,580.5852620309952,560.1159098440049,570.3505859375,78872,0.0
2021-10-26 00:00:00-04:00,556.3942741443908,575.0027782963772,550.811722898795,569.4202270507812,138030,0.0
2021-10-27 00:00:00-04:00,579.6548914315221,587.0982929266299,561.0463876937525,582.4461669921875,110942,0.0
2021-10-28 00:00:00-04:00,558.2550416509789,561.0463168592338,540.5769653320312,540.5769653320312,155644,0.0
2021-10-29 00:00:00-04:00,555.4638618800951,558.2551375679349,534.0640816066576,534.9945068359375,123232,0.0
2021-11-01 00:00:00-04:00,534.0640079470446,535.9248581489508,508.01210512035954,509.8729553222656,120430,0.0
2021-11-02 00:00:00-04:00,510.8034563931552,511.733881632487,489.40367588852394,491.2645263671875,133867,0.0
2021-11-03 00:00:00-04:00,488.47320286307746,493.12532860463057,469.864699896865,472.6559753417969,126616,0.0
2021-11-04 00:00:00-04:00,456.8387335231731,464.2821344767075,418.6913036363094,426.13470458984375,301604,0.0
2021-11-05 00:00:00-04:00,415.90005065089434,423.34345200482534,401.01324794303235,411.2479248046875,284944,0.0
2021-11-08 00:00:00-05:00,403.8045004986702,407.5262009640958,385.19599817154256,393.56982421875,267640,0.0
2021-11-09 00:00:00-05:00,382.40472282247345,406.5957758477394,380.54387258976067,393.56982421875,324365,0.0
2021-11-10 00:00:00-05:00,415.90004783298656,433.5781259287958,400.08282006305194,427.9955749511719,356839,0.0
2021-11-11 00:00:00-05:00,406.59579559821816,416.83047237529,398.2219691442503,401.01324462890625,227644,0.0
2021-11-12 00:00:00-05:00,395.4306955269242,403.80452202043557,383.33516836963,389.84814453125,179177,0.0
2021-11-15 00:00:00-05:00,382.40471835341754,401.94364556855567,379.6134430369692,388.9176940917969,151067,0.0
2021-11-16 00:00:00-05:00,396.36109129032883,397.2915163872545,370.3091885764105,373.1004638671875,183822,0.0
2021-11-17 00:00:00-05:00,372.1700878189945,386.1264661122068,372.1700878189945,380.5439147949219,155336,0.0
2021-11-18 00:00:00-05:00,361.0049691089934,372.17007124638496,355.4224180402976,361.9353942871094,215353,0.0
2021-11-19 00:00:00-05:00,362.8657841682434,366.5874845186869,350.77025802930194,357.2832336425781,176182,0.0
2021-11-22 00:00:00-05:00,350.77025668775264,374.9613088731149,336.81388042696676,374.0308837890625,289082,0.0
2021-11-23 00:00:00-05:00,376.8221740722656,397.2915267379196,366.5874977394387,376.8221740722656,309659,0.0
2021-11-24 00:00:00-05:00,387.05681953721376,398.22192010078726,364.7266184100668,365.65704345703125,206080,0.0
2021-11-26 00:00:00-05:00,386.12641314338236,403.8044898897059,374.96131204044116,395.4306640625,208917,0.0
2021-11-29 00:00:00-05:00,377.752580985307,382.4047063668995,347.0485534667969,347.0485534667969,245316,0.0
2021-11-30 00:00:00-05:00,353.56157176990797,376.8222014916125,344.2573198812262,366.5875244140625,277698,0.0
2021-12-01 00:00:00-05:00,352.631102001105,376.8221538534236,331.2313253625155,374.9613037109375,381385,0.0
2021-12-02 00:00:00-05:00,387.05682963709677,396.361080349527,366.5874780697503,374.9613037109375,337736,0.0
2021-12-03 00:00:00-05:00,359.1440918269416,390.77854551117997,347.0485654182622,377.7525939941406,325325,0.0
2021-12-06 00:00:00-05:00,382.4047142984826,414.9695926450687,374.96131353354866,378.6830139160156,369972,0.0
2021-12-07 00:00:00-05:00,353.56154778100165,353.56154778100165,319.13581812864095,321.9270935058594,456971,0.0
2021-12-08 00:00:00-05:00,326.5792184309526,338.67474503950643,325.6487933072177,327.5096435546875,224445,0.0
2021-12-09 00:00:00-05:00,334.0226167719415,351.7006939827128,323.7879404920213,349.83984375,277124,0.0
2021-12-10 00:00:00-05:00,331.2313325808999,354.49195986888446,325.64878203178364,340.53558349609375,232333,0.0
2021-12-13 00:00:00-05:00,337.7443387188489,369.3787946870055,335.88348836778084,367.5179443359375,246246,0.0
2021-12-14 00:00:00-05:00,380.5438752520951,387.0568511121554,366.5874984091087,371.2396240234375,364026,0.0
2021-12-15 00:00:00-05:00,368.4483598001887,386.1264376693897,331.2313537597656,331.2313537597656,272450,0.0
2021-12-16 00:00:00-05:00,328.44006777162906,381.4742996780961,326.5792175292969,376.8221740722656,275723,0.0
2021-12-17 00:00:00-05:00,387.0568557588181,389.84813116092494,359.14410173774945,375.8917541503906,297112,0.0
2021-12-20 00:00:00-05:00,393.5698149083024,399.15236547437763,377.75258830442266,384.26556396484375,211670,0.0
2021-12-21 00:00:00-05:00,361.0049031575521,376.82212829589844,344.25725301106775,346.11810302734375,202946,0.0
2021-12-22 00:00:00-05:00,351.7006743204528,355.4223745778121,336.8138732910156,336.8138732910156,143419,0.0
2021-12-23 00:00:00-05:00,333.09221570245154,333.09221570245154,318.2054127660291,323.7879638671875,224444,0.0
2021-12-27 00:00:00-05:00,320.99664974212646,320.99664974212646,297.73602294921875,297.73602294921875,239720,0.0
2021-12-28 00:00:00-05:00,293.08390669389206,311.6924087062026,293.08390669389206,307.040283203125,280028,0.0
2021-12-29 00:00:00-05:00,308.9011334043561,311.6924087062026,299.59688239820076,307.040283203125,119710,0.0
2021-12-30 00:00:00-05:00,307.04034102590464,319.13586961177356,304.2490651983964,318.2054443359375,155509,0.0
2021-12-31 00:00:00-05:00,316.3445937842654,319.13586961177356,308.90119157757675,318.2054443359375,159606,0.0
2022-01-03 00:00:00-05:00,313.5533022673234,316.34457795516306,299.596923828125,299.596923828125,215469,0.0
2022-01-04 00:00:00-05:00,296.8055975042238,324.7183496206085,290.2926220104007,303.3185729980469,346833,0.0
2022-01-05 00:00:00-05:00,310.7620191520819,334.0226493281359,301.4577670816603,333.09222412109375,380442,0.0
2022-01-06 00:00:00-05:00,334.9530921214631,345.1877699362856,320.9967132830688,324.7184143066406,341186,0.0
2022-01-07 00:00:00-05:00,327.5096499794408,357.28325452302636,322.8575242695056,353.5615539550781,315128,0.0
2022-01-10 00:00:00-05:00,365.6570916554285,389.84814606520234,350.77028894172145,351.7007141113281,534414,0.0
2022-01-11 00:00:00-05:00,358.2136774998085,364.7266534543505,332.1617736816406,332.1617736816406,313391,0.0
2022-01-12 00:00:00-05:00,323.7879230608259,336.81387398856026,316.34452253069196,325.6487731933594,389219,0.0
2022-01-13 00:00:00-05:00,311.69242328501,351.70070448278744,303.3185969878008,347.97900390625,544569,0.0
2022-01-14 00:00:00-05:00,357.28327047413796,358.21369565766435,322.8575386836611,323.7879638671875,532841,0.0
2022-01-18 00:00:00-05:00,341.4659922359554,369.3787436448891,339.6051421420265,365.65704345703125,500550,0.0
2022-01-19 00:00:00-05:00,359.144094329336,400.08279938242094,350.77026829575044,399.1523742675781,623183,0.0
2022-01-20 00:00:00-05:00,388.91769402700373,439.1606497147028,380.5438680790539,438.230224609375,626708,0.0
2022-01-21 00:00:00-05:00,442.88237723918877,462.4213056468,408.45664623530223,460.5604553222656,714698,0.0
2022-01-24 00:00:00-05:00,491.2644781068314,534.0640349115932,440.0910949707031,440.0910949707031,765232,0.0
2022-01-25 00:00:00-05:00,478.23850351009725,500.5687060086232,460.56042653209755,493.12530517578125,582437,0.0
2022-01-26 00:00:00-05:00,450.3257725932209,493.1253294925766,407.5262156938652,467.07342529296875,723959,0.0
2022-01-27 00:00:00-05:00,452.1865712412588,536.8552502185315,452.1865712412588,532.203125,547967,0.0
2022-01-28 00:00:00-05:00,536.8553275214301,579.6548856947157,501.49917076958553,502.4295959472656,574207,0.0
2022-01-31 00:00:00-05:00,493.12528419917544,502.4295348444429,418.69127903703577,419.6217041015625,532799,0.0
2022-02-01 00:00:00-05:00,408.4566143393789,441.02149247577586,404.7349139809336,406.59576416015625,646171,0.0
2022-02-02 00:00:00-05:00,384.26557504159433,402.8740774649161,374.96132382993346,376.8221740722656,826579,0.0
2022-02-03 00:00:00-05:00,406.59580119347004,431.71728090107575,387.9872977063547,427.0651550292969,659076,0.0
2022-02-04 00:00:00-05:00,435.43896728515625,450.32576958550345,407.5262129720052,418.6913146972656,559541,0.0
2022-02-07 00:00:00-05:00,415.9000392659505,425.20429070366754,400.08281182183157,418.6913146972656,477394,0.0
2022-02-08 00:00:00-05:00,426.13472028459825,427.9955705915179,385.19601353236607,390.778564453125,595790,0.0
2022-02-09 00:00:00-05:00,374.03091818188864,387.987295725989,349.83986377211477,351.7007141113281,569985,0.0
2022-02-10 00:00:00-05:00,375.8917381157309,388.9176894365731,343.3268598136255,384.26556396484375,886502,0.0
2022-02-11 00:00:00-05:00,380.5438855032084,449.3953464499992,372.17005917184196,440.0910949707031,778014,0.0
2022-02-14 00:00:00-05:00,436.36939437898474,457.7691727813656,413.1087656807446,440.0910949707031,643015,0.0
2022-02-15 00:00:00-05:00,412.1782958052541,414.039145899183,365.65704345703125,365.65704345703125,711661,0.0
2022-02-16 00:00:00-05:00,378.68305186934884,389.84815413576695,362.86582365858976,366.5875244140625,640776,0.0
2022-02-17 00:00:00-05:00,381.4742819032713,409.38703423765696,379.61343174764556,407.52618408203125,769328,0.0
2022-02-18 00:00:00-05:00,405.6653626844618,438.23024271647137,401.943662109375,418.6913146972656,807814,0.0
2022-02-22 00:00:00-05:00,434.5085457824575,449.3953482075524,398.22196487128866,428.9259948730469,945795,0.0
2022-02-23 00:00:00-05:00,414.0391972089055,463.35173080906725,400.0828197748974,460.5604553222656,804357,0.0
2022-02-24 00:00:00-05:00,510.8033929304643,516.3859436728737,406.59577907215464,409.3870544433594,895786,0.0
2022-02-25 00:00:00-05:00,406.59579751827266,426.1347260031324,388.91771936530427,389.84814453125,675036,0.0
2022-02-28 00:00:00-05:00,402.8740852588234,418.6913126246433,384.26558247550594,397.2915344238281,748786,0.0
2022-03-01 00:00:00-05:00,399.1523701856091,451.2561760839637,392.63939444831476,438.230224609375,616107,0.0
2022-03-02 00:00:00-05:00,428.9259673713235,430.7868175551471,387.0568382352941,395.4306640625,534159,0.0
2022-03-03 00:00:00-05:00,387.98727531770686,427.9955555063433,387.98727531770686,420.5521545410156,691076,0.0
2022-03-04 00:00:00-05:00,433.5780880013692,468.0038160186453,421.4825619412452,451.25616455078125,602774,0.0
2022-03-07 00:00:00-05:00,448.4648232229707,521.9683938342044,441.02142366740276,520.1075439453125,508532,0.0
2022-03-08 00:00:00-05:00,511.733881632487,537.7857883337773,433.57816152861625,491.2645263671875,911947,0.0
2022-03-09 00:00:00-05:00,443.81278652248835,459.63001371511376,419.6217331690613,430.7868347167969,661562,0.0
2022-03-10 00:00:00-05:00,454.04746968877294,481.9602239729188,451.2561942603583,456.8387451171875,638776,0.0
2022-03-11 00:00:00-05:00,436.369411073882,488.47322135136045,433.5781355233028,485.68194580078125,546441,0.0
2022-03-14 00:00:00-04:00,489.40358244243424,540.576960834704,482.8906070106908,530.34228515625,630773,0.0
2022-03-15 00:00:00-04:00,514.5251088911488,527.5510610149753,456.8387494856311,461.4908752441406,607539,0.0
2022-03-16 00:00:00-04:00,439.160660730154,452.1866125314722,391.70897916820945,392.639404296875,992954,0.0
2022-03-17 00:00:00-04:00,400.08279596717614,411.247897249981,382.4047189360683,383.33514404296875,581223,0.0
2022-03-18 00:00:00-04:00,388.91767543338125,397.29150098098995,354.49194818210105,359.1440734863281,680649,0.0
2022-03-21 00:00:00-04:00,361.93533836443396,380.5438390515514,352.63108802087527,361.0049133300781,865602,0.0
2022-03-22 00:00:00-04:00,361.00494448676784,364.7266449453943,342.3964421936355,355.4223937988281,639626,0.0
2022-03-23 00:00:00-04:00,365.6570769519341,382.40472933141194,351.70069996903584,381.47430419921875,800056,0.0
2022-03-24 00:00:00-04:00,370.3091763741629,374.9613017054966,324.7183481270926,325.6487731933594,849205,0.0
2022-03-25 00:00:00-04:00,324.7184143066406,343.3269194244997,321.9271385389618,324.7184143066406,743274,0.0
2022-03-28 00:00:00-04:00,333.5573945059812,346.1181332112274,318.856689453125,318.856689453125,1284180,0.0
2022-03-29 00:00:00-04:00,303.50467219452247,316.62364309586223,295.2238662741386,297.4569091796875,1249570,0.0
2022-03-30 00:00:00-04:00,304.2489966692243,330.1148021537119,300.62034458964797,325.6487731933594,1023090,0.0
2022-03-31 00:00:00-04:00,326.8583394181995,350.0259480554349,321.4618849788875,348.3511657714844,1243090,0.0
2022-04-01 00:00:00-04:00,342.9546944906184,383.0560216230544,340.07037102739065,367.9831237792969,1455150,0.0
2022-04-04 00:00:00-04:00,364.5405122053818,369.0996175279299,348.165054536174,350.67718505859375,551560,0.0
2022-04-05 00:00:00-04:00,358.9579452604614,400.8270692828006,357.3762398339854,398.7801513671875,1109330,0.0
2022-04-06 00:00:00-04:00,423.99473559064234,437.67196772285337,406.4096782295807,426.59991455078125,1377740,0.0
2022-04-07 00:00:00-04:00,429.85640506661093,452.00051154564727,413.10875292115855,426.13470458984375,1050120,0.0
2022-04-08 00:00:00-04:00,435.6250342925466,458.79261313114733,434.5085128375914,456.6526184082031,993800,0.0
2022-04-11 00:00:00-04:00,478.0523882156813,488.10096758468137,465.67774617845714,485.3096923828125,724050,0.0
2022-04-12 00:00:00-04:00,456.46660199568163,496.8470493949863,442.4171760062097,490.9853820800781,949090,0.0
2022-04-13 00:00:00-04:00,480.4715425270068,488.47317564109983,447.06925884866376,455.4430847167969,667630,0.0
2022-04-14 00:00:00-04:00,448.83710809754376,496.7540340032376,448.0927792997567,495.451416015625,649110,0.0
2022-04-18 00:00:00-04:00,502.522630783404,504.29046138934234,455.5361862992006,467.5386657714844,838770,0.0
2022-04-19 00:00:00-04:00,474.5168422368463,481.7741472897982,435.25288824697014,437.4859313964844,678190,0.0
2022-04-20 00:00:00-04:00,416.9235093425825,445.580592188921,405.75840770463424,441.2076110839844,742860,0.0
2022-04-21 00:00:00-04:00,424.45996774114155,483.5419651772369,409.38706884853474,477.49420166015625,974190,0.0
2022-04-22 00:00:00-04:00,482.239236771286,510.61719754291414,470.32980885436183,508.75634765625,733550,0.0
2022-04-25 00:00:00-04:00,518.8980873867002,525.4110630585718,481.2158709994429,483.07672119140625,880380,0.0
2022-04-26 00:00:00-04:00,501.0339278902791,548.2064929045297,497.96353634728723,545.787353515625,1105060,0.0
2022-04-27 00:00:00-04:00,567.1871399521223,568.0245452896283,514.8042161750335,555.64990234375,786570,0.0
2022-04-28 00:00:00-04:00,522.0615241099865,543.2752627642489,444.464101392508,462.3282470703125,1085400,0.0
2022-04-29 00:00:00-04:00,486.2401505102003,525.9693149424326,456.0944103535521,523.1780395507812,1037150,0.0
2022-05-02 00:00:00-04:00,520.2006669357907,532.5753665830557,467.07341478255483,469.0273132324219,805810,0.0
2022-05-03 00:00:00-04:00,471.7255186510384,482.7975998910456,446.04578059590483,456.28045654296875,705160,0.0
2022-05-04 00:00:00-04:00,446.697108563064,489.6827323372397,401.7575579515766,403.618408203125,943600,0.0
2022-05-05 00:00:00-04:00,424.6460124589529,479.6341418712636,423.52951936897796,460.28131103515625,1299930,0.0
2022-05-06 00:00:00-04:00,475.5402909227146,500.28960512728116,443.3475756577864,474.2377014160156,1100420,0.0
2022-05-09 00:00:00-04:00,505.220833735495,554.8124806431475,488.38016199310186,547.1829833984375,1331450,0.0
2022-05-10 00:00:00-04:00,498.242722247719,545.9735262985939,477.773366711865,505.9652404785156,937540,0.0
2022-05-11 00:00:00-04:00,523.2710713302138,557.8828377920289,485.30968382341024,553.6029052734375,1096740,0.0
2022-05-12 00:00:00-04:00,571.2810961192708,588.1217702112357,528.9467477912141,544.9500732421875,881490,0.0
2022-05-13 00:00:00-04:00,513.1294517765047,523.9223604130104,448.09274180862786,459.0717468261719,995670,0.0
2022-05-16 00:00:00-04:00,473.49336587618063,485.4958449547538,458.792659468986,481.2159118652344,829620,0.0
2022-05-17 00:00:00-04:00,442.51022740317785,448.278846562317,406.5958092799093,409.4801330566406,1414090,0.0
2022-05-18 00:00:00-04:00,428.9260030768574,476.0055223255462,413.1087751976674,470.6090393066406,1375380,0.0
2022-05-19 00:00:00-04:00,481.7741269611032,491.9157837199661,443.1614835848353,478.7037353515625,1278080,0.0
2022-05-20 00:00:00-04:00,452.5587397921507,544.5777717923232,451.34919858180206,481.4949645996094,1756770,0.0
2022-05-23 00:00:00-04:00,490.7992523312853,502.708682546714,470.05078344827893,474.88897705078125,983810,0.0
2022-05-24 00:00:00-04:00,494.6139265539637,525.5040491151237,491.9157280220271,510.61724853515625,1171330,0.0
2022-05-25 00:00:00-04:00,520.8519744139829,520.945050999811,466.7012490927451,480.099365234375,990730,0.0
2022-05-26 00:00:00-04:00,492.9392289801508,497.7774510773227,418.69131399027145,424.1808166503906,1317630,0.0
2022-05-27 00:00:00-04:00,405.4792431740068,405.4792431740068,370.4952824787398,373.4726257324219,1230290,0.0
2022-05-31 00:00:00-04:00,375.1474100942044,395.4306658308591,368.26224166781066,378.4969177246094,1222090,0.0
2022-06-01 00:00:00-04:00,371.7048454487855,411.89922307281597,366.12229457846576,396.91937255859375,1257570,0.0
2022-06-02 00:00:00-04:00,401.94365541953744,403.15319672858055,353.747645132053,354.4919738769531,1086500,0.0
2022-06-03 00:00:00-04:00,377.47349716439976,390.96466192702417,371.7048498392038,385.0099182128906,1226810,0.0
2022-06-06 00:00:00-04:00,363.2379509787906,392.17417707787257,358.2136611506072,384.45166015625,960370,0.0
2022-06-07 00:00:00-04:00,399.4314445462705,406.96789278936046,371.7978388473645,374.1239013671875,895090,0.0
2022-06-08 00:00:00-04:00,380.72999245102494,407.06101351006083,376.17088638425395,400.08282470703125,1006220,0.0
2022-06-09 00:00:00-04:00,410.22442609461615,432.6476769668142,388.3594359683363,432.3685607910156,1006800,0.0
2022-06-10 00:00:00-04:00,454.2335316405806,481.494974900402,443.1614505650962,479.6341247558594,1286420,0.0
2022-06-13 00:00:00-04:00,526.8997040772057,567.2801746999122,513.7807333481398,562.9071655273438,1386620,0.0
2022-06-14 00:00:00-04:00,544.2057054922285,572.8627894149311,535.6457825572276,551.5560302734375,933050,0.0
2022-06-15 00:00:00-04:00,531.458794325618,562.4419368068798,494.4278890829918,521.317138671875,783540,0.0
2022-06-16 00:00:00-04:00,569.3272347850609,636.7830655989947,567.931596906152,618.174560546875,1031150,0.0
2022-06-17 00:00:00-04:00,614.2666812049565,653.7166725809111,596.4955271770872,610.6380004882812,865620,0.0
2022-06-21 00:00:00-04:00,573.420970207813,573.6070665830862,533.5987878108677,560.9533081054688,427510,0.0
2022-06-22 00:00:00-04:00,589.2382157655532,593.7973215583891,554.812486405753,579.5618286132812,633510,0.0
2022-06-23 00:00:00-04:00,569.2340694666752,618.9187929275114,567.0010832816411,591.6573486328125,601060,0.0
2022-06-24 00:00:00-04:00,562.4420535415097,567.5593923247659,513.1295161755875,513.501708984375,614070,0.0
2022-06-27 00:00:00-04:00,498.24264891705434,528.4814651445133,493.6835431396113,513.6876831054688,547820,0.0
2022-06-28 00:00:00-04:00,507.8260281888801,556.6733478594499,489.12450565903373,555.0916137695312,720310,0.0
2022-06-29 00:00:00-04:00,576.7705914292867,613.8945220144014,575.2818770690492,594.0764770507812,747380,0.0
2022-06-30 00:00:00-04:00,618.7327456618937,644.7846507423944,581.6087582067215,615.2901611328125,854110,0.0
2022-07-01 00:00:00-04:00,651.2975538566255,706.0065370228541,637.341177702555,683.30419921875,865910,0.0
2022-07-05 00:00:00-04:00,736.5245653440555,747.2244551402713,666.5566357597189,667.1148681640625,650840,0.0
2022-07-06 00:00:00-04:00,665.998287122723,686.4676396884815,632.6890793052627,655.7636108398438,455340,0.0
2022-07-07 00:00:00-04:00,608.5909836473681,610.7310066270229,558.4411090782077,567.6522827148438,770300,0.0
2022-07-08 00:00:00-04:00,593.3320988089363,598.6355332472226,548.4855975419274,558.8132934570312,863440,0.0
2022-07-11 00:00:00-04:00,585.7956397988728,609.8006536110926,577.2357740240507,599.2868041992188,706770,0.0
2022-07-12 00:00:00-04:00,585.7025855375612,607.1023622927064,573.5140397533474,594.6346435546875,629800,0.0
2022-07-13 00:00:00-04:00,631.5725397187288,634.7360077401072,569.2340586902629,582.0739135742188,752420,0.0
2022-07-14 00:00:00-04:00,587.7495605653224,613.89448376206,538.8091651048969,545.787353515625,830480,0.0
2022-07-15 00:00:00-04:00,521.5963733481649,547.9274534002067,505.31393144464465,505.9652404785156,585980,0.0
2022-07-18 00:00:00-04:00,483.07673317025365,522.0615115854056,470.79511024102027,513.4085693359375,926580,0.0
2022-07-19 00:00:00-04:00,488.1940241051658,492.6600528869232,435.7180297507639,444.92926025390625,1267580,0.0
2022-07-20 00:00:00-04:00,446.32491574687623,454.14048062642144,403.7114306656253,408.2705078125,1525610,0.0
2022-07-21 00:00:00-04:00,403.5253715669965,421.48256438736126,389.2898507001027,390.3133239746094,1538980,0.0
2022-07-22 00:00:00-04:00,394.50025351349154,429.57729212937727,393.29071220714576,420.17999267578125,1880560,0.0
2022-07-25 00:00:00-04:00,428.9259975897476,448.0927615123188,425.94862572814185,428.36773681640625,1283710,0.0
2022-07-26 00:00:00-04:00,436.0902843577731,453.3031498378261,429.0190474546706,449.6744689941406,1196430,0.0
2022-07-27 00:00:00-04:00,424.8320894485866,428.36769333029144,375.33346473880175,386.6846618652344,1415180,0.0
2022-07-28 00:00:00-04:00,384.73078034683186,409.2009492143071,369.7509304996872,372.5422058105469,1383740,0.0
2022-07-29 00:00:00-04:00,387.89420752281586,392.45328470480155,360.53971603658175,363.610107421875,1366220,0.0
2022-08-01 00:00:00-04:00,371.5187730036162,378.59001024057324,349.5607608807889,360.1676025390625,1413880,0.0
2022-08-02 00:00:00-04:00,371.2396461718644,376.6361008487137,344.72252858815983,361.84234619140625,1349720,0.0
2022-08-03 00:00:00-04:00,360.9118714615221,362.7727215627873,329.18437155608655,332.2547912597656,1214600,0.0
2022-08-04 00:00:00-04:00,333.83654470099293,337.1860810426541,321.27580471550584,323.60186767578125,1205930,0.0
2022-08-05 00:00:00-04:00,340.8146874145154,346.1181216032609,323.7879202095021,331.696533203125,1703340,0.0
2022-08-08 00:00:00-04:00,346.397300392975,362.40062564302855,334.5809170555865,347.7929382324219,1643970,0.0
2022-08-09 00:00:00-04:00,370.7743967917947,409.0148735074034,369.84397170574255,395.8028259277344,1899760,0.0
2022-08-10 00:00:00-04:00,363.70313805176323,379.42731535843956,343.2337874196993,344.72247314453125,1627760,0.0
2022-08-11 00:00:00-04:00,336.2556733637849,349.00251040741495,316.3445790661344,347.60687255859375,1759480,0.0
2022-08-12 00:00:00-04:00,338.86081552467255,343.79205694587074,313.46019455134956,315.6001892089844,1633420,0.0
2022-08-15 00:00:00-04:00,321.2757755059716,326.9513742918979,310.0176545172556,312.4367370605469,1527990,0.0
2022-08-16 00:00:00-04:00,317.3679858119387,332.71999892303734,313.4601892986588,322.1131591796875,2007690,0.0
2022-08-17 00:00:00-04:00,336.4417157774379,359.1440821295617,335.8834550486315,346.5833435058594,2341040,0.0
2022-08-18 00:00:00-04:00,343.5129350315219,347.234635179667,314.1114981823117,322.1131591796875,2449050,0.0
2022-08-19 00:00:00-04:00,334.85999877544856,353.2824333952463,330.3939695069458,348.8163757324219,2143430,0.0
2022-08-22 00:00:00-04:00,369.4718488688439,392.63943043608975,367.51795028970486,388.17340087890625,1946600,0.0
2022-08-23 00:00:00-04:00,387.4290275334998,389.5690224192488,363.79623435647073,379.892578125,1581410,0.0
2022-08-24 00:00:00-04:00,381.9394991447589,392.8254840469296,374.77521459966255,379.1482238769531,1375150,0.0
2022-08-25 00:00:00-04:00,378.49691050806143,378.49691050806143,335.97650146484375,335.97650146484375,2130190,0.0
2022-08-26 00:00:00-04:00,339.0469240652741,396.17502345306735,336.8139093506536,395.337646484375,2503550,0.0
2022-08-29 00:00:00-04:00,407.8053292524315,420.55216508280273,393.1976715284052,418.5982666015625,2035400,0.0
2022-08-30 00:00:00-04:00,405.94445278509835,448.2787941064337,403.80448644966003,434.6946105957031,2369240,0.0
2022-08-31 00:00:00-04:00,427.1581802253268,458.32742188794174,427.1581802253268,447.6275329589844,1832210,0.0
2022-09-01 00:00:00-04:00,479.44809317091125,513.2225165005283,471.72557538525297,473.58642578125,2326860,0.0
2022-09-02 00:00:00-04:00,450.697884542774,494.14871695570884,440.18409292877465,488.19403076171875,2076440,0.0
2022-09-06 00:00:00-04:00,484.0071568863189,515.9207270196144,479.54112768553676,502.894775390625,1536060,0.0
2022-09-07 00:00:00-04:00,500.8478448922556,510.4312125413535,466.14299829322346,478.42462158203125,1380520,0.0
2022-09-08 00:00:00-04:00,491.6366547990821,502.3365436502587,449.7674961175483,453.67529296875,1684200,0.0
2022-09-09 00:00:00-04:00,434.97370951499903,437.0206559763266,415.5278317096629,421.20343017578125,1998510,0.0
2022-09-12 00:00:00-04:00,416.4583106651971,431.717277733821,410.13140248940084,416.6443786621094,1524500,0.0
2022-09-13 00:00:00-04:00,464.09602535433083,498.33565744288126,454.32656187101765,494.42791748046875,2568100,0.0
2022-09-14 00:00:00-04:00,486.0540988625362,499.9173988907896,466.88730757528174,476.3776550292969,2016030,0.0
2022-09-15 00:00:00-04:00,486.8914421690441,511.08249470429365,470.0507706195769,499.5452575683594,2375840,0.0
2022-09-16 00:00:00-04:00,515.8276761982676,529.597955734381,490.799219358195,492.1018371582031,1785710,0.0
2022-09-19 00:00:00-04:00,511.2686471153875,512.5712651101214,477.2151075298034,483.91412353515625,1280560,0.0
2022-09-20 00:00:00-04:00,498.70781656192645,515.5484869057457,491.54353246627585,506.0581970214844,1050980,0.0
2022-09-21 00:00:00-04:00,501.9643878454634,518.7120411934121,452.27968859208016,517.9677124023438,2059710,0.0
2022-09-22 00:00:00-04:00,528.6676536779953,571.002003775799,521.9685803267663,562.3490600585938,1538960,0.0
2022-09-23 00:00:00-04:00,585.2374215262276,615.011026436942,577.701000498661,586.1678466796875,1714240,0.0
2022-09-26 00:00:00-04:00,591.657297522227,614.5457304762905,563.5584503425708,611.9405517578125,1204130,0.0
2022-09-27 00:00:00-04:00,580.3061415447347,621.523961784384,564.1167222199246,592.7738037109375,1202480,0.0
2022-09-28 00:00:00-04:00,608.8702757447958,616.4066971759407,561.8838029789316,569.8854370117188,1337790,0.0
2022-09-29 00:00:00-04:00,599.7520031804063,649.0645340095729,596.4955152954614,624.2222290039062,1534930,0.0
2022-09-30 00:00:00-04:00,648.5993132845083,658.0896606445312,598.9146471103854,658.0896606445312,1382330,0.0
2022-10-03 00:00:00-04:00,631.2934811997891,647.2968055665623,563.6515596236005,583.4696044921875,1476430,0.0
2022-10-04 00:00:00-04:00,533.9710210557972,534.9944660144538,502.336565674073,504.2904357910156,1598370,0.0
2022-10-05 00:00:00-04:00,528.6676049552899,542.4378864262192,477.1220266514734,490.5201721191406,1904730,0.0
2022-10-06 00:00:00-04:00,491.0783527478744,503.3599753337079,466.1429716121768,499.8243713378906,1684380,0.0
2022-10-07 00:00:00-04:00,542.9960287800271,596.5885449747651,538.43698017273,588.1216430664062,2117910,0.0
2022-10-10 00:00:00-04:00,593.8903762483438,672.2321871304837,592.3086420973665,648.7854614257812,1971430,0.0
2022-10-11 00:00:00-04:00,680.978147406102,729.0810792214066,664.3235155473712,703.308349609375,2103890,0.0
2022-10-12 00:00:00-04:00,704.3318647567133,731.6863878999757,694.5624003182121,723.12646484375,1418810,0.0
2022-10-13 00:00:00-04:00,812.1680973876465,833.5678748162871,618.9187915982378,657.1592407226562,2906160,0.0
2022-10-14 00:00:00-04:00,634.549922716759,749.9226359379879,634.0847101634477,744.8052978515625,1740390,0.0
2022-10-17 00:00:00-04:00,684.9789794783161,714.2873705348204,663.8583180576464,700.1448974609375,1305610,0.0
2022-10-18 00:00:00-04:00,632.8751646256567,726.1037710399072,616.4066289914769,691.0267333984375,1683550,0.0
2022-10-19 00:00:00-04:00,703.6804007053945,711.7751093855452,655.9496106102083,673.9998779296875,1154140,0.0
2022-10-20 00:00:00-04:00,665.9052923313134,675.0234474589012,601.0546479096487,662.0905151367188,1729500,0.0
2022-10-21 00:00:00-04:00,670.2782735920563,677.4425015255925,584.9582794395136,590.8199462890625,1812820,0.0
2022-10-24 00:00:00-04:00,584.9582829389809,623.6639451253533,573.7931815249917,579.5618286132812,1436560,0.0
2022-10-25 00:00:00-04:00,574.6304861644854,577.79395403893,530.1561802870103,543.2752075195312,1378390,0.0
2022-10-26 00:00:00-04:00,574.6303942129308,584.4929322035966,520.0144981384972,559.3714599609375,1731160,0.0
2022-10-27 00:00:00-04:00,549.2299992086442,590.6339217399056,531.7380163284478,588.7730712890625,1362030,0.0
2022-10-28 00:00:00-04:00,586.2608068749495,590.8199123788402,517.0372165686277,519.2702026367188,1498330,0.0
2022-10-31 00:00:00-04:00,531.6449625733765,561.2324714947545,528.9467068764903,552.5795288085938,1171480,0.0
2022-11-01 00:00:00-04:00,521.0379824773902,550.5324653432119,514.3389113449542,540.1116943359375,1107530,0.0
2022-11-02 00:00:00-04:00,530.6214804286835,593.9834706489082,501.40616320940603,591.5643310546875,1997150,0.0
2022-11-03 00:00:00-04:00,624.9665384996653,642.8307114192888,588.3077675790695,616.2205200195312,1595550,0.0
2022-11-04 00:00:00-04:00,552.3934448043283,575.0957852908455,526.2484629800043,528.6676025390625,2107060,0.0
2022-11-07 00:00:00-05:00,514.1528848058099,536.2970474987678,488.9383874455762,493.68353271484375,1024910,0.0
2022-11-08 00:00:00-05:00,468.37599976403834,493.68354599333145,444.7432073931415,464.37518310546875,2147030,0.0
2022-11-09 00:00:00-05:00,484.65846556783856,509.68686711133404,480.84368851962006,508.1051330566406,1909830,0.0
2022-11-10 00:00:00-05:00,420.2730268708703,433.5780943748599,345.28075851686947,351.42156982421875,3558670,0.0
2022-11-11 00:00:00-05:00,343.4199261296493,356.07371375955864,310.76199791536754,315.3210754394531,3171320,0.0
2022-11-14 00:00:00-05:00,322.29923455790447,327.6957169333335,309.18023555531533,326.3000793457031,2593180,0.0
2022-11-15 00:00:00-05:00,287.5013471603394,312.8089204687509,284.24485940933226,297.73602294921875,4594530,0.0
2022-11-16 00:00:00-05:00,318.94973188794745,341.37298381016313,317.6471423493558,336.5347900390625,3606230,0.0
2022-11-17 00:00:00-05:00,358.3997383312996,358.957970642283,323.1366064458071,327.137451171875,4482150,0.0
2022-11-18 00:00:00-05:00,312.2506895012325,336.72085986140655,310.66895537086333,325.36968994140625,2774400,0.0
2022-11-21 00:00:00-05:00,336.53478955815723,345.2807803268571,333.2783015191705,341.7451477050781,2322840,0.0
2022-11-22 00:00:00-05:00,334.5808468999355,342.30336330120394,310.8550086042255,311.1341247558594,2460920,0.0
2022-11-23 00:00:00-05:00,311.69241176724586,313.0880494318753,291.31610754251994,301.1786193847656,3410310,0.0
2022-11-25 00:00:00-05:00,304.5281211951004,312.9019470214844,303.22553174541594,312.9019470214844,1237350,0.0
2022-11-28 00:00:00-05:00,324.53227565219623,342.95471035735727,314.6697919390263,337.5582275390625,2528000,0.0
2022-11-29 00:00:00-05:00,334.7669693567981,346.76947692833613,327.50966428992115,339.8843078613281,2387360,0.0
2022-11-30 00:00:00-05:00,337.46519859135424,346.3972569275732,278.66232031009355,279.2205810546875,3841490,0.0
2022-12-01 00:00:00-05:00,274.38235356141814,296.9917003014314,273.35888028281073,285.7335510253906,3213030,0.0
2022-12-02 00:00:00-05:00,307.5055287312108,311.4133259306077,293.7352471230646,295.78216552734375,3322510,0.0
2022-12-05 00:00:00-05:00,300.9925276048949,314.57674009374824,292.7117496804097,305.7377014160156,2225230,0.0
2022-12-06 00:00:00-05:00,306.10986814322547,335.2321633900043,305.6446555776583,327.04443359375,2597790,0.0
2022-12-07 00:00:00-05:00,336.2556052459777,337.74429099534433,321.089688385457,327.137451171875,2210730,0.0
2022-12-08 00:00:00-05:00,322.02013914555533,328.99832753330503,299.13167555487195,300.5273132324219,2579230,0.0
2022-12-09 00:00:00-05:00,304.62115969041537,312.0645601881375,292.89779822763904,309.18023681640625,2540910,0.0
2022-12-12 00:00:00-05:00,312.6228298368362,318.2053803696369,291.31610098217783,291.4091491699219,2192210,0.0
2022-12-13 00:00:00-05:00,253.07566730696556,288.43182671014455,249.35396631715724,277.1736755371094,4354440,0.0
2022-12-14 00:00:00-05:00,279.40661874787463,299.50380461415415,269.4510881916251,290.10650634765625,3180430,0.0
2022-12-15 00:00:00-05:00,308.24981058099837,328.06788136734815,304.2489941864276,326.20703125,3291980,0.0
2022-12-16 00:00:00-05:00,331.8826141159325,344.35030363460163,323.78790512995636,334.67388916015625,2598000,0.0
2022-12-19 00:00:00-05:00,334.2087256419491,357.19020983815153,333.3713202904785,347.5137939453125,2202010,0.0
2022-12-20 00:00:00-05:00,360.1367401280972,362.8403522735164,343.7287721391088,353.8905334472656,2058230,0.0
2022-12-21 00:00:00-05:00,347.9239822940568,348.9494589118692,326.0155864835695,328.99884033203125,2283510,0.0
2022-12-22 00:00:00-05:00,346.89848863596205,389.5965436865348,346.89848863596205,370.112060546875,3863930,0.0
2022-12-23 00:00:00-05:00,379.4347602904295,391.2746278271873,368.9933009611303,369.7391357421875,2770020,0.0
2022-12-27 00:00:00-05:00,377.3837426681705,394.53757243092235,377.10407241253995,390.2491149902344,2305660,0.0
2022-12-28 00:00:00-05:00,396.9614849413762,411.5049367156328,382.6044989843712,406.4706726074219,2425980,0.0
2022-12-29 00:00:00-05:00,387.3590890433042,391.4610809266695,362.0945073890905,366.3829650878906,2792840,0.0
2022-12-30 00:00:00-05:00,384.1893869943331,392.1137008528278,367.78139025601786,368.34075927734375,1954470,0.0
2023-01-03 00:00:00-05:00,349.6020642839471,386.89295114090146,348.6697921125232,381.2060852050781,2156670,0.0
2023-01-04 00:00:00-05:00,359.95029591993864,371.97660140297984,343.8219700668896,350.16143798828125,3235480,0.0
2023-01-05 00:00:00-05:00,360.789322512825,370.39171428986776,353.98374718937,369.4594421386719,2419210,0.0
2023-01-06 00:00:00-05:00,355.0092392327838,369.1797879274464,311.0992417625709,317.81158447265625,3612530,0.0
2023-01-09 00:00:00-05:00,299.63227036896046,306.2514084798188,277.81710723587827,299.35260009765625,4022900,0.0
2023-01-10 00:00:00-05:00,303.26814627152913,307.55660423710015,287.13984800724273,287.7924499511719,2528280,0.0
2023-01-11 00:00:00-05:00,287.5127533176574,295.1573970710334,276.69838963630514,276.97808837890625,2665190,0.0
2023-01-12 00:00:00-05:00,273.24899106559184,290.21632825595316,262.1549574313767,267.9350280761719,5176760,0.0
2023-01-13 00:00:00-05:00,277.4442170258147,279.4951988295218,264.29917309699033,265.2314453125,2838660,0.0
2023-01-17 00:00:00-05:00,266.72308022740253,271.1047424660596,255.5358139063708,262.8075256347656,2874760,0.0
2023-01-18 00:00:00-05:00,255.34938919338896,268.02829875507206,249.1963860361772,267.6553955078125,3663970,0.0
2023-01-19 00:00:00-05:00,275.20677544716534,293.1063853079306,274.2745032111664,290.4028015136719,4511930,0.0
2023-01-20 00:00:00-05:00,282.012350285266,290.3095674630249,262.7143036953864,263.6465759277344,3364770,0.0
2023-01-23 00:00:00-05:00,256.2816131728471,257.40035115419784,221.22818820769638,224.21145629882812,6016960,0.0
2023-01-24 00:00:00-05:00,231.48319817508184,232.88160652383343,222.62661196632178,228.22024536132812,3251980,0.0
2023-01-25 00:00:00-05:00,240.24655750627656,246.30632681096807,225.70310548487896,226.54214477539062,4399250,0.0
2023-01-26 00:00:00-05:00,219.4568812758198,230.83061407064463,215.16843747439415,216.00747680664062,4112760,0.0
2023-01-27 00:00:00-05:00,227.19472373157524,228.87281647339404,214.5158308246712,220.2026824951172,3954380,0.0
2023-01-30 00:00:00-05:00,229.15250534654916,238.2887755818317,225.3301837074444,236.79713439941406,4008640,0.0
2023-01-31 00:00:00-05:00,239.8736452044106,239.8736452044106,224.21148234985355,224.39793395996094,3595550,0.0
2023-02-01 00:00:00-05:00,221.6011086573829,221.8807931745207,182.35245587894596,189.34449768066406,6940920,0.0
2023-02-02 00:00:00-05:00,183.75085379439196,189.34448691780912,171.63131536032142,177.03848266601562,6281610,0.0
2023-02-03 00:00:00-05:00,188.22577500996235,189.99710094650857,174.8942922643781,186.6409149169922,6453530,0.0
2023-02-06 00:00:00-05:00,195.59069380663402,198.66719465062155,187.47992920000772,195.7771453857422,4554310,0.0
2023-02-07 00:00:00-05:00,194.4719820727447,195.4974729336112,174.5213489230232,177.1317138671875,5676260,0.0
2023-02-08 00:00:00-05:00,180.4878999085433,189.9970733084524,176.57234536857086,188.50543212890625,3738390,0.0
2023-02-09 00:00:00-05:00,178.90302542114958,191.86161724164498,172.47035307758296,187.20025634765625,5406420,0.0
2023-02-10 00:00:00-05:00,193.44647597930825,202.7691977132508,191.7683832221297,196.61619567871094,5158970,0.0
2023-02-13 00:00:00-05:00,194.19230447211396,199.4130203205433,186.26799067552307,188.2257537841797,3146690,0.0
2023-02-14 00:00:00-05:00,192.88709166325887,197.45523348522968,176.0129752004152,177.78428649902344,6836960,0.0
2023-02-15 00:00:00-05:00,183.7508693214096,187.57317707685763,175.64008922681498,175.7333221435547,4377060,0.0
2023-02-16 00:00:00-05:00,185.05602622972978,189.81061999932155,179.835296373917,188.59866333007812,5298470,0.0
2023-02-17 00:00:00-05:00,192.3277579628782,203.23533987243047,190.6496651555598,197.7349395751953,5142760,0.0
2023-02-21 00:00:00-05:00,207.15087883788772,218.52459676929075,200.43852188044863,217.21942138671875,3955170,0.0
2023-02-22 00:00:00-05:00,215.54133057566634,224.5843681033531,210.69351796317554,220.4823760986328,4104630,0.0
2023-02-23 00:00:00-05:00,198.7604092267168,212.37158760094454,195.7771413465054,198.6671905517578,5377780,0.0
2023-02-24 00:00:00-05:00,210.0409300392852,214.32937363498547,206.77797733098623,209.10865783691406,4047000,0.0
2023-02-27 00:00:00-05:00,200.1588492214849,206.77798788634385,199.31980988665856,205.93893432617188,2729210,0.0
2023-02-28 00:00:00-05:00,208.08316476278802,209.57480606301849,195.96362543078916,204.54052734375,3504370,0.0
2023-03-01 00:00:00-05:00,202.76921388714368,207.15089060653239,196.9891287961195,203.98117065429688,3725330,0.0
2023-03-02 00:00:00-05:00,213.6767747325542,218.71105289655284,196.6161914788008,199.50624084472656,4029660,0.0
2023-03-03 00:00:00-05:00,199.31978756121842,204.72696885041103,189.99706610583257,190.8361053466797,3355290,0.0
2023-03-06 00:00:00-05:00,189.25126867993222,198.85367579792404,184.12377125264342,197.1755828857422,3253490,0.0
2023-03-07 00:00:00-05:00,197.0823534597159,206.21862460974523,194.0990850215328,203.7014923095703,4038160,0.0
2023-03-08 00:00:00-05:00,201.09111294479743,201.27756454181454,186.82734528014126,187.5731658935547,4526210,0.0
2023-03-09 00:00:00-05:00,188.69189406133398,199.8791608450181,179.36917174159723,198.76043701171875,5555260,0.0
2023-03-10 00:00:00-05:00,195.9636101191291,213.3038784217031,194.0990657522005,209.94769287109375,7368040,0.0
2023-03-13 00:00:00-04:00,216.66003707636875,223.55885936575808,202.58273646452577,210.50704956054688,6191520,0.0
2023-03-14 00:00:00-04:00,199.5062440200158,202.7691966091282,188.03929350463758,191.30224609375,5011050,0.0
2023-03-15 00:00:00-04:00,200.34528606364006,210.87996455699974,197.36201792866203,198.573974609375,4961980,0.0
2023-03-16 00:00:00-04:00,201.65049398380063,204.3540778651016,174.33491374453436,175.7333221435547,5654660,0.0
2023-03-17 00:00:00-04:00,174.9874854258328,181.88630809638676,170.60580902277576,178.4368896484375,4487700,0.0
2023-03-20 00:00:00-04:00,178.25044620222835,182.53890411839973,171.44485612888906,172.7500457763672,3447010,0.0
2023-03-21 00:00:00-04:00,168.96388329382185,180.26581567123202,163.50129414166042,172.54283142089844,3998030,0.0
2023-03-22 00:00:00-04:00,172.35446425428006,177.3461537981695,158.60377447241854,177.1577911376953,5589780,0.0
2023-03-23 00:00:00-04:00,168.58715379307037,172.82537832976766,155.87248018297845,162.93618774414062,7355330,0.0
2023-03-24 00:00:00-04:00,166.9860560643566,176.781058512046,165.8558656851848,171.4126434326172,4705100,0.0
2023-03-27 00:00:00-04:00,169.9999113940688,179.79491439075136,168.30461854471764,178.0054473876953,3381530,0.0
2023-03-28 00:00:00-04:00,179.41817347869198,190.2491918251747,179.13562229977114,181.9611053466797,3740670,0.0
2023-03-29 00:00:00-04:00,173.673026715947,174.1439405783776,160.5816270888364,164.34893798828125,5369990,0.0
2023-03-30 00:00:00-04:00,158.60376728727138,160.11069724509665,153.70626648106295,156.81430053710938,5073090,0.0
2023-03-31 00:00:00-04:00,160.11070026312038,161.2408905672184,153.23535555406238,153.3295440673828,4229730,0.0
2023-04-03 00:00:00-04:00,156.72013301086793,163.50130435795202,154.8364774969337,157.7561492919922,4115100,0.0
2023-04-04 00:00:00-04:00,157.2852292680471,169.34062696042693,156.90850392844013,166.70350646972656,4315870,0.0
2023-04-05 00:00:00-04:00,172.35447368986704,181.01928588638432,171.69519715654027,175.8392333984375,4512040,0.0
2023-04-06 00:00:00-04:00,181.11348075196622,184.97496593738123,174.70904912282907,178.38217163085938,3739120,0.0
2023-04-10 00:00:00-04:00,183.56223136820995,184.50405916254897,168.8697263992126,169.434814453125,3373400,0.0
2023-04-11 00:00:00-04:00,166.32676654520043,173.01373414933343,166.0442153796964,172.26026916503906,2561390,0.0
2023-04-12 00:00:00-04:00,167.17441846178724,181.96111062896594,166.42095341984208,181.3018341064453,4604630,0.0
2023-04-13 00:00:00-04:00,180.64256936691808,184.7866058111991,173.95558644380645,177.25198364257812,3013350,0.0
2023-04-14 00:00:00-04:00,177.81708470913432,183.93896517484873,171.50684156485897,178.0054473876953,3163100,0.0
2023-04-17 00:00:00-04:00,184.12732350929573,185.63425364453292,177.9112546653809,178.28799438476562,2391790,0.0
2023-04-18 00:00:00-04:00,173.4846570928601,180.3600020830497,169.52898368119554,175.65086364746094,2500540,0.0
2023-04-19 00:00:00-04:00,182.62039005820316,185.25751056141038,180.548371938237,181.7727508544922,2329220,0.0
2023-04-20 00:00:00-04:00,187.70627136614766,188.08299671350653,174.33232033879614,182.24366760253906,3771070,0.0
2023-04-21 00:00:00-04:00,184.409854626617,191.56773606173206,184.3156661142388,186.48187255859375,3269370,0.0
2023-04-24 00:00:00-04:00,187.89461631205543,193.1688569043624,184.59821953465095,189.30735778808594,2117690,0.0
2023-04-25 00:00:00-04:00,192.79214335470638,208.80321558671383,192.6979691995619,208.61485290527344,3400210,0.0
2023-04-26 00:00:00-04:00,201.73948865188308,208.52064515668206,198.91400557728764,204.94171142578125,3233850,0.0
2023-04-27 00:00:00-04:00,207.20210014230435,218.6923955486929,202.11623615999895,202.7755126953125,3443540,0.0
2023-04-28 00:00:00-04:00,200.70348789085685,202.96386861420228,192.1328501034676,192.3212127685547,2554780,0.0
2023-05-01 00:00:00-04:00,189.68408375460027,191.56773906247574,185.2574966553228,186.95278930664062,2290320,0.0
2023-05-02 00:00:00-04:00,186.95281501356604,196.55945553046104,183.84478045397165,191.1910400390625,3049030,0.0
2023-05-03 00:00:00-04:00,194.0165138049518,198.1605500989274,187.3295311243791,197.68963623046875,3433640,0.0
2023-05-04 00:00:00-04:00,202.77551533784774,206.73118897242944,195.42925609010985,201.26858520507812,2853450,0.0
2023-05-05 00:00:00-04:00,200.8918595305102,203.90570541999358,185.4458759937879,188.17718505859375,2764390,0.0
2023-05-08 00:00:00-04:00,188.64809576156833,193.4514085254253,185.3516987315849,185.72842407226562,1941780,0.0
2023-05-09 00:00:00-04:00,193.6397893120219,197.59546295027693,192.88632424493738,195.33506774902344,2031210,0.0
2023-05-10 00:00:00-04:00,188.83646623882902,195.42926057135674,185.25751786979805,189.49574279785156,3029170,0.0
2023-05-11 00:00:00-04:00,189.3073547063505,198.7256310599003,188.36552707099554,193.16885375976562,2360520,0.0
2023-05-12 00:00:00-04:00,191.6619339037377,199.76165774346129,189.02481351142188,193.45140075683594,2101800,0.0
2023-05-15 00:00:00-04:00,192.7921435035345,194.48743638010956,178.2880014541564,178.4763641357422,3074060,0.0
2023-05-16 00:00:00-04:00,180.45419461476894,180.5483687628858,173.29629828497295,179.32398986816406,2890340,0.0
2023-05-17 00:00:00-04:00,174.42649205071064,178.47635414836,164.06638706056836,166.3267822265625,4405440,0.0
2023-05-18 00:00:00-04:00,164.25476698200202,164.63150673480902,149.5622615301794,150.50408935546875,6111400,0.0
2023-05-19 00:00:00-04:00,151.63425555889424,155.87248009314905,151.069153205867,153.0469970703125,3656620,0.0
2023-05-22 00:00:00-04:00,157.2852242378239,157.66194956538266,150.22151656247254,151.54006958007812,3126430,0.0
2023-05-23 00:00:00-04:00,154.64810808030091,158.2270562750378,151.72845078363036,157.1910400390625,3183260,0.0
2023-05-24 00:00:00-04:00,166.7035048753004,170.56500423951613,163.50129640581696,165.4791259765625,5190440,0.0
2023-05-25 00:00:00-04:00,143.44037080151094,148.9029746867604,130.91405871235733,132.79771423339844,9899090,0.0
2023-05-26 00:00:00-04:00,127.146741556176,127.24093007615927,104.82542757943297,106.89744567871094,10810370,0.0
2023-05-30 00:00:00-04:00,99.45700140158286,108.59273419337639,98.32681106173672,107.17999267578125,9237550,0.0
2023-05-31 00:00:00-04:00,112.73677329241336,115.65644492321762,108.21600462464492,115.37389373779297,9766590,0.0
2023-06-01 00:00:00-04:00,113.58441105533176,117.06917760732371,106.61488513692242,109.81710052490234,7431930,0.0
2023-06-02 00:00:00-04:00,107.08581264231822,113.01933036047328,106.23817341307507,110.38220977783203,5885600,0.0
2023-06-05 00:00:00-04:00,112.07749957573122,117.44591474840587,112.07749957573122,115.84481048583984,4188870,0.0
2023-06-06 00:00:00-04:00,118.29355355779373,118.85864872097291,109.81710455338147,111.70075988769531,5275000,0.0
2023-06-07 00:00:00-04:00,109.62874873925857,112.92514578013058,104.63705891742227,112.07749938964844,7446560,0.0
2023-06-08 00:00:00-04:00,111.51241057488598,113.11351492645139,107.93346213711237,108.87528991699219,4839120,0.0
2023-06-09 00:00:00-04:00,105.2021544632867,109.9112931086545,103.0359549977627,108.121826171875,5530640,0.0
2023-06-12 00:00:00-04:00,104.35451269152591,104.82542654449205,97.29080489703387,97.76171875,6270750,0.0
2023-06-13 00:00:00-04:00,93.0525916849834,97.19662835319578,91.82821264219045,93.71186828613281,7690640,0.0
2023-06-14 00:00:00-04:00,94.84205095558208,96.63152510646721,89.66199836308985,89.94454956054688,8812430,0.0
2023-06-15 00:00:00-04:00,92.9583945823477,94.08859217583976,90.13291137698059,92.29911804199219,7003910,0.0
2023-06-16 00:00:00-04:00,89.37944106488503,95.21876933598905,89.28525974159129,95.12458801269531,5563500,0.0
2023-06-20 00:00:00-04:00,96.34897441925196,99.73955262595005,93.71185404427847,97.10243225097656,5055320,0.0
2023-06-21 00:00:00-04:00,98.99856756667587,104.71552037395863,97.5693293648552,104.33438873291016,6980970,0.0
2023-06-22 00:00:00-04:00,106.90701548365331,107.09758494051411,101.66647536642557,102.61930084228516,5004690,0.0
2023-06-23 00:00:00-04:00,108.05041220535416,110.05134428389225,106.71645506316824,108.52682495117188,4992240,0.0
2023-06-26 00:00:00-04:00,106.43058986165369,107.57398465595918,101.285338730461,107.38341522216797,5171360,0.0
2023-06-27 00:00:00-04:00,106.43059008935923,107.85982813318847,95.75894893655973,96.33064270019531,6081400,0.0
2023-06-28 00:00:00-04:00,101.09477875529308,101.38062929798433,96.0448082337707,98.99856567382812,5761350,0.0
2023-06-29 00:00:00-04:00,97.37875329072078,101.19005490318705,97.18819111788984,98.23629760742188,5605830,0.0
2023-06-30 00:00:00-04:00,95.663668884636,96.61649425745213,92.90047384957307,94.04386138916016,4554950,0.0
2023-07-03 00:00:00-04:00,92.80519908615084,94.90141214130458,90.89954821074521,91.66180419921875,2239560,0.0
2023-07-05 00:00:00-04:00,93.7580237958274,97.8551687844467,92.9957605437916,97.7598876953125,4331350,0.0
2023-07-06 00:00:00-04:00,103.00043086889366,105.38249452113209,101.09477994710291,101.38063049316406,5963590,0.0
2023-07-07 00:00:00-04:00,100.90421776271639,102.04760540799829,96.71178428088047,101.38063049316406,4559750,0.0
2023-07-10 00:00:00-04:00,100.71364671268904,100.9994972542199,94.90141294723867,95.18726348876953,5307490,0.0
2023-07-11 00:00:00-04:00,94.13916211184655,99.5702645427493,93.85331155464887,95.09198760986328,4805410,0.0
2023-07-12 00:00:00-04:00,91.185395109243,92.90048387315538,89.4703136148121,90.04200744628906,6222920,0.0
2023-07-13 00:00:00-04:00,87.37409381745096,88.32691929973278,83.94392353513268,84.51561737060547,5917190,0.0
2023-07-14 00:00:00-04:00,84.51561335840847,88.80332782512667,82.22883812507705,87.56465911865234,6820960,0.0
2023-07-17 00:00:00-04:00,87.65993281135782,89.3750213611114,80.13261103996469,81.46656799316406,6739610,0.0
2023-07-18 00:00:00-04:00,82.7052491610738,84.51561163905157,80.22789725956117,81.08544158935547,5292540,0.0
2023-07-19 00:00:00-04:00,80.70430850556556,84.70617954890821,80.70430850556556,83.94391632080078,5538410,0.0
2023-07-20 00:00:00-04:00,88.61276264424056,94.52027724606423,87.75521832604527,93.28160858154297,9248980,0.0
2023-07-21 00:00:00-04:00,90.42313348233588,92.51934649090352,88.23163211653072,90.70897674560547,6755190,0.0
2023-07-24 00:00:00-04:00,90.80425262451172,92.32877162755959,88.89860205333187,90.80425262451172,4444120,0.0
2023-07-25 00:00:00-04:00,89.47030540560218,89.47030540560218,84.70617846461677,86.23069763183594,5262290,0.0
2023-07-26 00:00:00-04:00,89.4703136148121,92.70992168582356,87.75522485089971,90.04200744628906,6405660,0.0
2023-07-27 00:00:00-04:00,83.18166748394802,86.51655667085002,79.27507719227762,84.80146789550781,11995960,0.0
2023-07-28 00:00:00-04:00,80.03733341422624,82.70524743582612,78.60809531754363,79.56092071533203,7337300,0.0
2023-07-31 00:00:00-04:00,78.79865542850034,80.13261240441352,77.84583005563103,78.60809326171875,5694630,0.0
2023-08-01 00:00:00-04:00,80.41847075226484,81.46657731055109,77.94112599554786,78.32225036621094,6078300,0.0
2023-08-02 00:00:00-04:00,81.46657002211943,88.80332254321975,81.37128893797801,87.37408447265625,10271840,0.0
2023-08-03 00:00:00-04:00,90.99482096079234,91.66179579826249,86.2306942089184,88.13634490966797,8281850,0.0
2023-08-04 00:00:00-04:00,89.18446110353909,91.7570941928462,85.08731601013201,88.80332946777344,7742990,0.0
2023-08-07 00:00:00-04:00,86.80240438806914,88.51749325102696,85.65901665908518,85.84957885742188,5070200,0.0
2023-08-08 00:00:00-04:00,90.04200465207785,93.56745589468417,89.75615411046923,90.2325668334961,5709190,0.0
2023-08-09 00:00:00-04:00,90.42314121568494,95.663681454777,90.2325717543926,95.09198760986328,6095250,0.0
2023-08-10 00:00:00-04:00,92.90047052199367,98.4268603941711,89.75614399653402,96.52120971679688,7553710,0.0
2023-08-11 00:00:00-04:00,100.14195095318124,104.04853375113105,99.85610768668604,103.2862777709961,7356020,0.0
2023-08-14 00:00:00-04:00,104.90607210483599,105.85889747775816,94.61556243896484,94.61556243896484,6721990,0.0
2023-08-15 00:00:00-04:00,95.85422872011036,99.76081119974732,95.0919728020849,99.47496795654297,6654640,0.0
2023-08-16 00:00:00-04:00,99.85610658912371,105.4777707326978,99.47497496850487,105.2872085571289,6843860,0.0
2023-08-17 00:00:00-04:00,104.71551328636274,109.3843592168657,104.04853114230178,108.43153381347656,6045670,0.0
2023-08-18 00:00:00-04:00,112.05227477596209,112.81453806627073,105.57306588626462,106.7164535522461,5762990,0.0
2023-08-21 00:00:00-04:00,105.09664787034336,105.85890385289802,97.09291280189203,97.7598876953125,5258100,0.0
2023-08-22 00:00:00-04:00,94.13915169650988,101.38062322636122,93.6627390002107,100.23722839355469,5893240,0.0
2023-08-23 00:00:00-04:00,102.14287706379864,102.4287275834517,92.99575493814932,94.3297119140625,6302470,0.0
2023-08-24 00:00:00-04:00,89.08918159577087,104.23910804830626,88.89861940924094,103.7626953125,9714750,0.0
2023-08-25 00:00:00-04:00,103.85796422696367,108.62209102636568,99.66553118959379,102.14287567138672,10173640,0.0
2023-08-28 00:00:00-04:00,99.28440165010979,101.66646509919573,97.56932032845636,98.42686462402344,4675810,0.0
2023-08-29 00:00:00-04:00,99.95137391227898,100.52306762973693,89.75613899477878,90.80425262451172,7172820,0.0
2023-08-30 00:00:00-04:00,91.47124075382314,93.56745377997248,88.32691394511804,89.56558990478516,6428480,0.0
2023-08-31 00:00:00-04:00,90.51842150889544,90.70898369901627,86.2307068058425,87.7552261352539,6017680,0.0
2023-09-01 00:00:00-04:00,86.04013510833587,89.18445451477358,85.46843406218285,87.08824157714844,6155840,0.0
2023-09-05 00:00:00-04:00,88.32691512077528,89.66087218675345,85.27787662952335,87.27880859375,5738870,0.0
2023-09-06 00:00:00-04:00,87.94579711638994,92.32879299033269,86.32598939441256,89.27974700927734,6328600,0.0
2023-09-07 00:00:00-04:00,95.56839474406597,98.90328379119416,94.71085039233677,95.47310638427734,7739580,0.0
2023-09-08 00:00:00-04:00,96.14008535627079,98.33157943834297,94.13915344847237,97.09291076660156,5208580,0.0
2023-09-11 00:00:00-04:00,93.75801914437751,101.2853411242371,93.47216862167521,97.2834701538086,5089470,0.0
2023-09-12 00:00:00-04:00,99.47497280172647,100.14194767117053,94.90140799288446,99.66553497314453,5130250,0.0
2023-09-13 00:00:00-04:00,100.04667016971288,100.4278017956842,95.28254301877416,98.04573822021484,5974620,0.0
2023-09-14 00:00:00-04:00,95.37781493331819,99.18911628745263,95.09197169344637,96.23535919189453,5795720,0.0
2023-09-15 00:00:00-04:00,98.23629937139044,106.24003435518392,98.14101828326407,104.71551513671875,7897310,0.0
2023-09-18 00:00:00-04:00,107.38342774293872,107.95512884149139,102.52401929161114,103.7626953125,5369410,0.0
2023-09-19 00:00:00-04:00,104.62326853349805,108.20096338950097,104.33318995200098,106.36376953125,5402630,0.0
2023-09-20 00:00:00-04:00,105.01005413276003,111.87535095214844,103.75303211072715,111.87535095214844,4878580,0.0
2023-09-21 00:00:00-04:00,116.033200123271,118.25717274317724,113.71253464536714,117.96708679199219,6765910,0.0
2023-09-22 00:00:00-04:00,114.87287556794139,116.71006207336268,111.68195948881261,115.0662612915039,4934680,0.0
2023-09-25 00:00:00-04:00,116.80676666100403,118.54726036944193,112.35882108154632,112.84229278564453,5462030,0.0
2023-09-26 00:00:00-04:00,115.83981631153691,120.48113996644996,114.67947986491441,118.74064636230469,5667520,0.0
2023-09-27 00:00:00-04:00,115.93650374405198,121.25469192151132,113.13236668413502,115.74311065673828,6263000,0.0
2023-09-28 00:00:00-04:00,116.80676033005854,118.16047512640775,105.7836045986377,109.4579849243164,9203120,0.0
2023-09-29 00:00:00-04:00,105.0100517913592,109.55469019883458,103.65632955557521,108.29766082763672,8109590,0.0
2023-10-02 00:00:00-04:00,107.81418764968802,110.9084035371877,104.23650006869201,106.84724426269531,6763470,0.0
2023-10-03 00:00:00-04:00,109.94146439271702,115.83982518273802,105.3968332493559,113.61585235595703,7584220,0.0
2023-10-04 00:00:00-04:00,111.97204041357439,114.58278445016975,107.91087400674677,108.9745101928711,6407690,0.0
2023-10-05 00:00:00-04:00,109.26460001081331,113.80923086569584,107.71749210556771,110.5216293334961,5609950,0.0
2023-10-06 00:00:00-04:00,112.64889683793247,114.87286942595303,102.10921316907375,103.75302124023438,8580320,0.0
2023-10-09 00:00:00-04:00,107.13732675381291,109.45798490555224,103.65632477181924,104.6232681274414,5399100,0.0
2023-10-10 00:00:00-04:00,103.65632103675344,105.01004316128405,97.75796825543304,100.65879821777344,6201570,0.0
2023-10-11 00:00:00-04:00,99.59515870713993,102.01251692818701,97.75796498370578,98.43482971191406,5297960,0.0
2023-10-12 00:00:00-04:00,97.95136581658325,100.65880281202473,93.50342043622864,97.75797271728516,8188980,0.0
2023-10-13 00:00:00-04:00,97.27450276909208,106.4604648995398,96.88772394079263,105.78360748291016,7992240,0.0
2023-10-16 00:00:00-04:00,105.10674137578994,105.30013447611952,100.17533166386872,101.23896789550781,5548290,0.0
2023-10-17 00:00:00-04:00,107.33070857519746,111.00509614396393,101.52904865221382,103.75302124023438,8110150,0.0
2023-10-18 00:00:00-04:00,108.87782383114161,111.00510370749691,106.557158228387,109.26460266113281,6529910,0.0
2023-10-19 00:00:00-04:00,106.36377326393419,115.74312122814952,105.49352273451802,114.48609924316406,9676310,0.0
2023-10-20 00:00:00-04:00,114.4860977577831,120.19106517972358,112.16543216851328,119.61089324951172,6458530,0.0
2023-10-23 00:00:00-04:00,121.73816792295237,125.60593390390197,115.25964312174948,121.44808197021484,6985570,0.0
2023-10-24 00:00:00-04:00,119.61088590461016,121.35138683398235,116.12989142305784,116.51667022705078,5776930,0.0
2023-10-25 00:00:00-04:00,121.64146233165395,132.76130957234506,120.28774032256632,130.82742309570312,7161640,0.0
2023-10-26 00:00:00-04:00,129.5704090673082,135.27536893792092,124.73569231106536,133.2447967529297,7793600,0.0
2023-10-27 00:00:00-04:00,127.92658936566927,131.2141903710236,125.50923134573743,129.28030395507812,5896490,0.0
2023-10-30 00:00:00-04:00,132.08446689652823,138.9497557969202,129.66710853278784,134.5985107421875,6470280,0.0
2023-10-31 00:00:00-04:00,134.50182489336393,139.43322708931132,129.95717937842164,131.11752319335938,5520230,0.0
2023-11-01 00:00:00-04:00,130.8274355929895,130.92412107342773,121.25469514373793,121.73816680908203,6344390,0.0
2023-11-02 00:00:00-04:00,115.06625553358735,118.7406431149485,110.90839629032037,113.42245483398438,6210300,0.0
2023-11-03 00:00:00-04:00,109.94145658336332,110.71501421873799,102.20590973838598,104.6232681274414,8082870,0.0
2023-11-06 00:00:00-05:00,104.33318732818523,108.49103924261887,103.26955113505998,105.20343780517578,5462170,0.0
2023-11-07 00:00:00-05:00,106.07368044379585,106.65385234406192,101.91582854743938,103.46293640136719,6142370,0.0
2023-11-08 00:00:00-05:00,103.07616424560547,105.30013700097034,101.52905629183508,103.07616424560547,4994980,0.0
2023-11-09 00:00:00-05:00,101.14226841237782,105.3001275823522,97.56458112821713,104.71996307373047,7442270,0.0
2023-11-10 00:00:00-05:00,100.85219410811273,102.2059088930332,91.0860603953514,92.14970397949219,8847610,0.0
2023-11-13 00:00:00-05:00,94.2769785010835,96.59764406270251,93.89019967794826,94.66375732421875,5287170,0.0
2023-11-14 00:00:00-05:00,87.60506472177896,88.18522924764659,83.44721280540074,84.51084899902344,8921520,0.0
2023-11-15 00:00:00-05:00,82.86703835921607,84.51084640545142,80.64307318210986,82.67365264892578,8141020,0.0
2023-11-16 00:00:00-05:00,83.73729230954787,84.51084993742234,81.70671275786772,82.48027038574219,7521040,0.0
2023-11-17 00:00:00-05:00,83.35050949469885,83.7372882900703,80.35298674065598,80.93315124511719,5353320,0.0
2023-11-20 00:00:00-05:00,81.12654494109168,81.22323779636325,76.38852126086543,77.16207885742188,6148430,0.0
2023-11-21 00:00:00-05:00,79.19266300274728,82.86704336036068,79.19266300274728,81.5133285522461,7587070,0.0
2023-11-22 00:00:00-05:00,80.2562938861111,81.7067088358601,76.96868519124165,80.93315124511719,7456790,0.0
2023-11-24 00:00:00-05:00,81.2232504159891,81.99680813273291,80.5463929467331,80.83647155761719,2774160,0.0
2023-11-27 00:00:00-05:00,81.9001032256214,82.4802751687675,79.19266612544119,81.31993865966797,4890630,0.0
2023-11-28 00:00:00-05:00,82.96374068758307,84.80092711333216,81.5133256921861,82.77034759521484,6184090,0.0
2023-11-29 00:00:00-05:00,79.38604173012578,80.54637809123594,76.29182618821558,80.15959930419922,7561360,0.0
2023-11-30 00:00:00-05:00,79.57943845513557,83.8339831757238,79.48273822105594,81.70671081542969,8380420,0.0
2023-12-01 00:00:00-05:00,83.35051089432423,85.28439752646347,80.25629523377827,80.64307403564453,8030660,0.0
2023-12-04 00:00:00-05:00,83.35051198461277,87.02489958461794,82.9637405548793,83.44721221923828,6483400,0.0
2023-12-05 00:00:00-05:00,85.96126710083314,87.12159619439343,84.31745894489819,84.99432373046875,5842570,0.0
2023-12-06 00:00:00-05:00,81.41662895965786,86.92821060557011,81.22324323616303,86.73481750488281,5639250,0.0
2023-12-07 00:00:00-05:00,84.51085329181173,85.38110381341427,78.90257871009986,79.86952209472656,7724450,0.0
2023-12-08 00:00:00-05:00,80.54638436767542,80.64307722767127,76.87199667029387,78.0323257446289,7785340,0.0
2023-12-11 00:00:00-05:00,75.80836085043848,76.09843943193555,69.23314305581152,70.1033935546875,10100900,0.0
2023-12-12 00:00:00-05:00,71.16702819280539,71.55380700339734,68.45959127304623,68.6529769897461,6802310,0.0
2023-12-13 00:00:00-05:00,68.55628565512598,69.32983591631054,64.10834767743945,65.2686767578125,8925560,0.0
2023-12-14 00:00:00-05:00,63.81826304079083,63.91495590329291,59.370324970962095,60.14387893676758,12211160,0.0
2023-12-15 00:00:00-05:00,59.66040754199787,59.85379695655433,57.33974194451286,59.467018127441406,10668310,0.0
2023-12-18 00:00:00-05:00,59.37032242889828,61.59429136858879,59.08023647662012,59.85379409790039,6632510,0.0
2023-12-19 00:00:00-05:00,59.853792123348825,59.95048497852095,58.5967628745353,59.08023452758789,5262440,0.0
2023-12-20 00:00:00-05:00,60.04718580973297,64.2050455291486,59.27363179981721,64.10835266113281,9170620,0.0
2023-12-21 00:00:00-05:00,60.19929910556496,61.07883583273892,58.63568239942936,59.026588439941406,9360140,0.0
2023-12-22 00:00:00-05:00,58.34250286552315,59.80839487858677,57.36524152348074,58.44022750854492,6492250,0.0
2023-12-26 00:00:00-05:00,57.658417277416284,57.75614191721254,54.62890870825988,55.41071701049805,6270590,0.0
2023-12-27 00:00:00-05:00,54.72663649837528,55.89935088321743,54.33573046077581,55.215267181396484,5548660,0.0
2023-12-28 00:00:00-05:00,54.72663299039249,55.606169654634776,54.33572697785013,55.31298828125,3772920,0.0
2023-12-29 00:00:00-05:00,55.410717816249836,57.65841811585288,55.1175401646418,56.876609802246094,6971380,0.0
