date,futures_id,contract_date,open,high,low,close,spread,spread_per,volume,settlement_price,SMA_5,SMA_10,SMA_20,SMA_50,SMA_100,rsi,bbands_upperband,bbands_middleband,bbands_lowerband,macd_macd,macd_macdsignal,macd_macdhist,atr,profit_or_loss_after_20_days
2024-01-02,TX,202401,17838.0,17920.0,17751.0,17798.0,-72.0,-0.4,82827,17800.0,,,,,,,,,,,,,,283.0
2024-01-03,TX,202401,17658.0,17667.0,17507.0,17546.0,-254.0,-1.43,97851,17545.0,,,,,,,,,,,,,,374.0
2024-01-04,TX,202401,17525.0,17583.0,17525.0,17546.0,1.0,0.01,57402,17550.0,,,,,,,,,,,,,,440.0
2024-01-05,TX,202401,17577.0,17626.0,17491.0,17519.0,-31.0,-0.18,77062,17518.0,,,,,,,,,,,,,,565.0
2024-01-08,TX,202401,17572.0,17706.0,17568.0,17595.0,77.0,0.44,86585,17595.0,17600.8,,,,,,,,,,,,,491.0
2024-01-09,TX,202401,17770.0,17782.0,17526.0,17545.0,-50.0,-0.28,96286,17547.0,17550.2,,,,,,,,,,,,,1122.0
2024-01-10,TX,202401,17509.0,17521.0,17439.0,17458.0,-89.0,-0.51,70327,17460.0,17532.6,,,,,,,,,,,,,1176.0
2024-01-11,TX,202401,17490.0,17606.0,17481.0,17575.0,115.0,0.66,86899,17570.0,17538.4,,,,,,,,,,,,,1096.0
2024-01-12,TX,202401,17466.0,17570.0,17447.0,17489.0,-81.0,-0.46,83946,17487.0,17532.4,,,,,,,,,,,,,1264.0
2024-01-15,TX,202401,17580.0,17655.0,17527.0,17559.0,72.0,0.41,137809,17554.0,17525.2,17563.0,,,,,,,,,,,,1133.0
2024-01-16,TX,202401,17480.0,17499.0,17321.0,17333.0,-221.0,-1.26,123488,17333.0,17482.8,17516.5,,,,,,,,,,,,1556.0
2024-01-17,TX,202402,17329.0,17365.0,17217.0,17235.0,-127.0,-0.73,62898,17235.0,17438.2,17485.4,,,,,,,,,,,,1678.0
2024-01-18,TX,202402,17240.0,17326.0,17215.0,17280.0,45.0,0.26,90702,17282.0,17379.2,17458.8,,,,,,,,,,,,1683.0
2024-01-19,TX,202402,17541.0,17684.0,17504.0,17678.0,396.0,2.29,111839,17674.0,17417.0,17474.7,,,,,,,,,,,,1189.0
2024-01-22,TX,202402,17816.0,17843.0,17747.0,17817.0,143.0,0.81,83035,17815.0,17468.6,17496.9,,,,50.56852184320766,,,,,,,181.5,1149.0
2024-01-23,TX,202402,17799.0,17877.0,17790.0,17870.0,55.0,0.31,77256,17868.0,17576.0,17529.4,,,,52.20120186957489,,,,,,,174.75,1091.0
2024-01-24,TX,202402,17903.0,17941.0,17876.0,17903.0,35.0,0.2,65654,17896.0,17709.6,17573.9,,,,53.23687745592319,,,,,,,167.33928571428572,1411.0
2024-01-25,TX,202402,18016.0,18030.0,17935.0,17995.0,99.0,0.55,74949,17997.0,17852.6,17615.9,,,,56.0931374553394,,,,,,,164.4579081632653,1394.0
2024-01-26,TX,202402,17951.0,18023.0,17936.0,17999.0,2.0,0.01,65973,17999.0,17916.8,17666.9,,,,56.21834866760999,,,,,,,158.92520043731778,1510.0
2024-01-29,TX,202402,18011.0,18135.0,17970.0,18125.0,126.0,0.7,73311,18123.0,17978.4,17723.5,17643.25,,,60.08019074484723,18126.504332624136,17643.25,17159.995667375864,,,,159.3591146917951,1584.0
2024-01-30,TX,202402,18129.0,18139.0,18064.0,18081.0,-42.0,-0.23,63313,18081.0,18020.6,17798.3,17657.4,,,58.151209784076244,18173.412945573942,17657.4,17141.38705442606,,,,153.3334636423812,1710.0
2024-01-31,TX,202402,17990.0,18003.0,17904.0,17920.0,-161.0,-0.89,78949,17921.0,18024.0,17866.8,17676.1,,,51.62028183408525,18201.62864812527,17676.1,17150.57135187473,,,,155.02393052506824,1795.0
2024-02-01,TX,202402,17956.0,17994.0,17882.0,17986.0,65.0,0.36,82846,17985.0,18022.2,17937.4,17698.1,,,53.90570215675036,18236.678462250606,17698.1,17159.52153774939,,,,151.9507926304205,1969.0
2024-02-02,TX,202402,18100.0,18105.0,18023.0,18084.0,99.0,0.55,64193,18084.0,18039.2,17978.0,17726.35,,,57.14306018286811,18283.344533187108,17726.35,17169.35546681289,,,,149.59716458539046,1843.0
2024-02-05,TX,202402,18008.0,18102.0,17958.0,18086.0,2.0,0.01,72290,18085.0,18031.4,18004.9,17750.9,,,57.20911179657831,18325.574829794947,17750.9,17176.225170205056,,,,149.19736711500542,1853.0
2024-02-15,TX,202402,18590.0,18696.0,18531.0,18667.0,582.0,3.22,112201,18666.0,18148.6,18084.6,17807.0,,,71.12941466174618,18497.6744529806,17807.0,17116.3255470194,,,,182.11184089250506,1063.0
2024-02-16,TX,202402,18683.0,18726.0,18633.0,18634.0,-32.0,-0.17,65410,18639.0,18291.4,18157.7,17865.8,,,69.74166169352863,18624.50088967917,17865.8,17107.09911032083,,,,175.74670940018328,1285.0
2024-02-19,TX,202402,18680.0,18692.0,18619.0,18671.0,32.0,0.17,80197,18669.0,18428.4,18225.3,17920.6,,,70.43807664157625,18743.017995912134,17920.6,17098.182004087863,,,,168.4076587287416,1196.0
2024-02-20,TX,202402,18634.0,18754.0,18596.0,18753.0,84.0,0.45,86334,18751.0,18562.2,18300.7,17983.8,,,71.97739459007359,18856.563793932874,17983.8,17111.036206067125,,,,167.6642545338315,1080.0
2024-02-21,TX,202403,18755.0,18755.0,18679.0,18692.0,-68.0,-0.36,44868,18693.0,18683.4,18357.4,18040.45,,,69.0950668982314,18942.169573925188,18040.45,17138.730426074813,,,,161.11680778141496,1572.0
2024-02-22,TX,202403,18887.0,18890.0,18751.0,18889.0,196.0,1.05,84610,18886.0,18727.8,18438.2,18118.25,,,72.87312072551539,19030.82720221365,18118.25,17205.67279778635,,,,163.75132151131388,1353.0
2024-02-23,TX,202403,18990.0,19000.0,18898.0,18913.0,27.0,0.14,80858,18912.0,18783.6,18537.5,18202.15,,,73.30133348417803,19082.456599997866,18202.15,17321.843400002137,,,,159.98336997479146,1318.0
2024-02-26,TX,202403,18907.0,18996.0,18853.0,18963.0,51.0,0.27,68087,18964.0,18842.0,18635.2,18286.3,,,74.21455847297675,19118.3584354479,18286.3,17454.2415645521,,,,158.7702721194492,1224.0
2024-02-27,TX,202403,18950.0,19020.0,18750.0,18867.0,-97.0,-0.51,120451,18870.0,18864.8,18713.5,18345.75,,,69.31242405409887,19165.27470981661,18345.75,17526.22529018339,383.0951608254509,351.6454610056883,31.4496998197626,166.7152526823457,1394.0
2024-02-29,TX,202403,18808.0,18997.0,18805.0,18966.0,96.0,0.51,84818,18961.0,18919.6,18801.5,18403.2,,,71.40973549445565,19227.484805149325,18403.2,17578.915194850677,381.77272792760414,357.67091439007146,24.101813537532678,168.52130606217816,1237.0
2024-03-01,TX,202403,18968.0,19017.0,18924.0,18961.0,0.0,0.0,75198,18961.0,18934.0,18830.9,18457.75,,,71.14527191103838,19278.061129998798,18457.75,17637.438870001202,375.98708701986106,361.3341489160294,14.652938103831673,163.12692705773685,1319.0
2024-03-04,TX,202403,19144.0,19340.0,19137.0,19314.0,353.0,1.86,97821,19311.0,19014.2,18898.9,18528.3,,,77.48499041078018,19387.418408602713,18528.3,17669.181591397286,395.3289685078671,368.1331128343969,27.19585567347019,178.54643226789852,974.0
2024-03-05,TX,202403,19362.0,19436.0,19305.0,19389.0,78.0,0.4,83640,19390.0,19099.4,18970.7,18598.0,,,78.56268244089107,19497.961776966138,18598.0,17698.038223033862,411.9605968131982,376.8986096301572,35.061987183041026,175.1502585344772,1134.0
2024-03-06,TX,202403,19282.0,19523.0,19271.0,19509.0,119.0,0.61,96101,19507.0,19227.8,19046.3,18673.5,,,80.19603296294319,19612.304665518895,18673.5,17734.695334481105,429.86901674685214,387.4926910534962,42.376325693355966,180.63952578201452,840.0
2024-03-07,TX,202403,19688.0,19770.0,19584.0,19709.0,202.0,1.04,122063,19702.0,19376.4,19148.0,18752.7,,,82.57850498000107,19757.95879255046,18752.7,17747.44120744954,454.95545382596174,400.9852436079893,53.970210217972465,186.37955965472776,741.0
2024-03-08,TX,202403,19930.0,20009.0,19638.0,19791.0,89.0,0.45,172140,19794.0,19542.4,19238.2,18838.2,,,83.45722883390498,19890.189277511923,18838.2,17786.21072248808,475.96670277596786,415.981535441585,59.98516733438288,199.56673396510433,1083.0
2024-03-11,TX,202403,19691.0,19825.0,19679.0,19715.0,-79.0,-0.4,97483,19716.0,19622.6,19318.4,18927.95,,,79.45701099806288,19957.318053710584,18927.95,17898.581946289418,480.94170747724274,428.9735698487165,51.96813762852622,195.74053868188258,1136.0
2024-03-12,TX,202403,19714.0,19956.0,19698.0,19955.0,239.0,1.21,91498,19954.0,19735.8,19417.6,19026.4,,,82.33629108647051,20053.211258216375,19026.4,17999.588741783627,498.50398514944027,442.87965290886126,55.62433224057901,200.1876430617481,798.0
2024-03-13,TX,202403,19994.0,20064.0,19886.0,19927.0,-27.0,-0.14,111450,19928.0,19819.4,19523.6,19118.55,,,80.91146512861185,20121.03061826656,19118.55,18116.06938173344,504.349029078945,455.173528142878,49.17550093606701,198.60281141448039,828.0
2024-03-14,TX,202403,19897.0,19978.0,19799.0,19939.0,11.0,0.06,108905,19940.0,19865.4,19620.9,19211.2,,,81.06271538626557,20155.671831236763,19211.2,18266.72816876324,504.13817712538,464.9664579393784,39.17171918600161,197.20261059916035,569.0
2024-03-15,TX,202403,19828.0,19873.0,19723.0,19730.0,-210.0,-1.05,109827,19728.0,19853.2,19697.8,19264.35,,,70.57409076711552,20199.93928488957,19264.35,18328.760715110428,481.55545064181206,468.2842564798651,13.271194161946937,198.5452812706489,223.0
2024-03-18,TX,202403,19778.0,19920.0,19747.0,19919.0,191.0,0.97,100312,19914.0,19894.0,19758.3,19328.6,,,73.8670478454178,20258.68610354113,19328.6,18398.513896458866,473.4515429906787,469.31771378202785,4.133829208650866,197.93490403703112,266.0
2024-03-19,TX,202403,19816.0,19911.0,19739.0,19867.0,-47.0,-0.24,106964,19867.0,19876.4,19806.1,19388.4,,,71.49640247681856,20295.17635610974,19388.4,18481.623643890263,457.5587202669594,466.96591507901417,-9.40719481205474,196.65383946295745,491.0
2024-03-20,TX,202404,19866.0,19972.0,19794.0,19833.0,-52.0,-0.26,68842,19833.0,19857.6,19838.5,19442.4,,,69.91640926260632,20319.535428539806,19442.4,18565.264571460197,437.18048342909606,461.00882874903056,-23.8283453199345,195.3214223584605,-287.0
2024-03-21,TX,202404,20048.0,20264.0,20029.0,20264.0,431.0,2.17,110169,20260.0,19922.6,19894.0,19521.0,18537.18,,76.88873644664056,20396.8081981804,19521.0,18645.1918018196,450.614280967191,458.9299191926626,-8.315638225471616,212.1556064757133,-740.0
2024-03-22,TX,202404,20226.0,20285.0,20122.0,20242.0,-18.0,-0.09,94477,20240.0,20025.0,19939.1,19588.65,18586.06,,75.92147733128667,20467.750284381542,19588.65,18709.54971561846,454.2491447823086,457.9937643105918,-3.7446195282832377,208.64449172744807,-565.0
2024-03-25,TX,202404,20256.0,20307.0,20188.0,20231.0,-9.0,-0.04,72613,20229.0,20087.4,19990.7,19654.55,18639.76,,75.41065776522441,20518.649641245185,19654.55,18790.450358754813,451.0428512496255,456.60358169839856,-5.560730448773029,202.24131374691606,-61.0
2024-03-26,TX,202404,20280.0,20459.0,20038.0,20187.0,-42.0,-0.21,173550,20185.0,20151.4,20013.9,19715.75,18692.58,,73.28657243891902,20548.0592874647,19715.75,18883.4407125353,439.8807369291535,453.2590127445495,-13.378275815396023,217.86693419356493,-302.0
2024-03-27,TX,202404,20185.0,20288.0,20148.0,20261.0,76.0,0.38,86234,20258.0,20237.0,20047.3,19785.45,18747.42,,74.58322437120364,20552.71174803643,19785.45,19018.188251963573,432.02573867887986,449.0123579314156,-16.986619252535718,212.305010322596,-83.0
2024-03-28,TX,202404,20238.0,20250.0,20081.0,20203.0,-55.0,-0.27,103798,20202.0,20224.8,20073.7,19847.3,18799.58,,71.64775638291955,20535.746686389113,19847.3,19158.853313610885,416.32138690240754,442.47416372561395,-26.15277682320641,209.9975095852677,349.0
2024-03-29,TX,202404,20226.0,20299.0,20192.0,20280.0,78.0,0.39,84010,20278.0,20232.4,20128.7,19913.25,18854.28,,73.15816946667992,20493.682209650666,19913.25,19332.817790349334,405.41545446326563,435.0624218731443,-29.64696740987864,202.64054461489144,133.0
2024-04-01,TX,202404,20393.0,20400.0,20259.0,20288.0,10.0,0.05,83567,20293.0,20243.8,20165.6,19961.95,18910.88,,73.31721570346689,20494.568240393677,19961.95,19429.331759606324,392.88897799996994,426.6277330985094,-33.73875509853946,198.2376485709706,3.0
2024-04-02,TX,202404,20350.0,20524.0,20350.0,20523.0,230.0,1.13,96508,20521.0,20311.0,20231.2,20018.65,18969.84,,77.52924587886604,20536.45663379277,20018.65,19500.84336620723,397.3438585144795,420.7709581817034,-23.4270996672239,200.93495938732985,-141.0
2024-04-03,TX,202404,20370.0,20419.0,20275.0,20349.0,-172.0,-0.84,111570,20351.0,20328.6,20282.8,20060.65,19027.04,,68.8615583867791,20541.217695543204,20060.65,19580.0823044568,382.4256724957704,413.1019010445168,-30.676228548746394,204.2967480025206,253.0
2024-04-08,TX,202404,20404.0,20520.0,20375.0,20450.0,99.0,0.49,85815,20447.0,20378.0,20301.4,20097.7,19084.86,,70.89557071768732,20578.367910308007,20097.7,19617.032089691995,374.4364877518128,405.368818385976,-30.93233063416318,201.9184088594834,200.0
2024-04-09,TX,202404,20538.0,20877.0,20518.0,20874.0,427.0,2.09,117238,20869.0,20496.8,20364.6,20151.85,19155.68,,77.53100699746722,20718.443425659116,20151.85,19585.25657434088,397.7334343170696,403.84174157219473,-6.108307255125112,217.9956653695203,-149.0
2024-04-10,TX,202404,20822.0,20892.0,20804.0,20851.0,-18.0,-0.09,75731,20848.0,20609.4,20426.6,20208.65,19228.0,,76.51197812642889,20815.047320244576,20208.65,19602.252679755427,409.61869519506945,404.9971322967697,4.621562898299771,208.71026070026886,-239.0
2024-04-11,TX,202404,20706.0,20764.0,20651.0,20753.0,-95.0,-0.46,88537,20752.0,20655.4,20483.2,20248.55,19297.46,,72.15996401572559,20887.09944209521,20248.55,19610.00055790479,406.4448261371472,405.28667106484517,1.1581550723020086,208.08809922167822,56.0
2024-04-12,TX,202404,20745.0,20809.0,20682.0,20755.0,3.0,0.01,91615,20753.0,20736.6,20532.6,20289.95,19359.0,,72.19472376873281,20946.843438846645,20289.95,19633.056561153357,399.4858708793763,404.1265110277514,-4.640640148375098,202.2960921344155,128.0
2024-04-15,TX,202404,20544.0,20605.0,20460.0,20508.0,-245.0,-1.18,114946,20506.0,20748.2,20563.1,20318.4,19412.82,,61.913518789490965,20961.16540043756,20318.4,19675.634599562443,369.77744871583127,397.2566985653674,-27.47924984953613,208.9177998391001,505.0
2024-04-16,TX,202404,20278.0,20286.0,19798.0,19953.0,-553.0,-2.7,175352,19947.0,20564.0,20530.4,20329.55,19454.48,,46.04594130750367,20937.917150658344,20329.55,19721.182849341654,298.01412709235956,377.40818427076584,-79.39405717840629,244.70938556487866,1294.0
2024-04-17,TX,202405,19979.0,20242.0,19955.0,20185.0,203.0,1.02,78050,20189.0,20430.8,20520.1,20342.85,19500.12,,51.626899279458605,20925.83517133824,20342.85,19759.864828661757,256.9002525771939,353.30659793205143,-96.40634535485754,247.87300088167305,1185.0
2024-04-18,TX,202405,20070.0,20359.0,20025.0,20358.0,169.0,0.84,120221,20353.0,20351.8,20503.6,20367.4,19547.38,,55.33691816598718,20907.973917239677,20367.4,19826.826082760326,235.56145912425927,329.757570170493,-94.19611104623374,254.02492939012498,978.0
2024-04-19,TX,202405,19840.0,19924.0,19265.0,19546.0,-807.0,-3.97,237961,19559.0,20110.0,20423.3,20353.05,19578.32,,39.87745940877802,20960.68425676973,20353.05,19745.415743230267,151.3836413577228,294.08278440793896,-142.69914305021615,313.95172014797316,1756.0
2024-04-22,TX,202405,19620.0,19715.0,19445.0,19524.0,-35.0,-0.18,135191,19528.0,19913.2,20330.7,20316.05,19606.3,,39.55503167712364,21022.889578688162,20316.05,19609.210421311836,81.95220417473683,251.65666836129853,-169.7044641865617,310.8123115659751,1753.0
2024-04-23,TX,202405,19651.0,19745.0,19554.0,19677.0,149.0,0.76,100612,19680.0,19858.0,20211.0,20287.8,19638.22,,43.00634845346437,21047.411900907304,20287.8,19528.188099092695,38.825554482369625,209.09044558551275,-170.26489110314313,304.39714645411976,1906.0
2024-04-24,TX,202405,19930.0,20202.0,19916.0,20170.0,490.0,2.49,101458,20170.0,19855.0,20142.9,20284.75,19683.22,,52.431426730089235,21045.738271920203,20284.75,19523.761728079797,43.922047692256456,176.0567660068615,-132.13471831460504,320.1544931359684,1434.0
2024-04-25,TX,202405,19940.0,19979.0,19834.0,19885.0,-285.0,-1.41,96972,19880.0,19760.4,20056.1,20269.65,19721.2,,47.53729583781775,21049.54749967522,20269.65,19489.752500324783,24.679447811769933,145.78130236784318,-121.10185455607325,321.2863150548278,1680.0
2024-04-26,TX,202405,20126.0,20271.0,20070.0,20178.0,298.0,1.5,113798,20176.0,19886.8,19998.4,20265.5,19763.08,,52.45124335150959,21046.420098345567,20265.5,19484.579901654433,32.695308899004885,123.16410367407552,-90.46879477507063,325.90872112234007,1697.0
2024-04-29,TX,202405,20350.0,20560.0,20310.0,20552.0,376.0,1.86,97993,20550.0,20092.4,20002.8,20282.95,19812.4,,57.87509099989325,21073.04707631396,20282.95,19492.85292368604,68.43770366651006,112.21882367256242,-43.78112000605236,329.9152410421729,1402.0
2024-04-30,TX,202405,20518.0,20576.0,20404.0,20413.0,-137.0,-0.67,77061,20413.0,20239.6,20048.8,20289.6,19847.32,,55.3481265974081,21081.722061301243,20289.6,19497.477938698754,84.57276847106186,106.68961263226231,-22.116844161200447,318.635580967732,1309.0
2024-05-02,TX,202405,20250.0,20380.0,20215.0,20291.0,-122.0,-0.6,90193,20292.0,20263.8,20059.4,20289.75,19880.46,,53.15442973477954,21081.87192874588,20289.75,19497.62807125412,86.51821504475811,102.65533311476148,-16.137118070003368,310.01875375575116,1100.0
2024-05-03,TX,202405,20548.0,20597.0,20306.0,20382.0,90.0,0.44,100974,20382.0,20363.2,20061.8,20282.7,19914.68,,54.59985994076114,21068.880157470292,20282.7,19496.51984252971,94.31572201794188,100.98741089539756,-6.671688877455679,309.7316999160547,903.0
2024-05-06,TX,202405,20685.0,20714.0,20562.0,20602.0,220.0,1.08,83722,20601.0,20448.0,20167.4,20295.35,19951.66,,57.975794931662975,21093.44179296634,20295.35,19497.258207033658,116.89991440983431,104.16991159828491,12.730002811549397,311.3222927791937,1052.0
2024-05-07,TX,202405,20733.0,20756.0,20536.0,20650.0,49.0,0.24,85595,20648.0,20467.6,20280.0,20305.35,19990.82,,58.69742929499887,21115.857563197424,20305.35,19494.842436802574,137.09094931049185,110.7541191407263,26.33683016976555,304.7992718663941,670.0
2024-05-08,TX,202405,20618.0,20738.0,20574.0,20725.0,77.0,0.37,73449,20724.0,20530.0,20384.8,20297.9,20027.54,,59.85735037891612,21089.890631257473,20297.9,19505.90936874253,157.33075216074212,120.06944574472946,37.26130641601266,294.7421810187946,738.0
2024-05-09,TX,202405,20707.0,20763.0,20605.0,20612.0,-112.0,-0.54,79443,20612.0,20594.2,20429.0,20285.95,20061.52,,57.24868291024109,21050.95051633967,20285.95,19520.94948366033,162.38095949742637,128.53174849526886,33.84921100215752,284.974882374595,1263.0
2024-05-10,TX,202405,20738.0,20828.0,20616.0,20809.0,197.0,0.96,97925,20812.0,20679.6,20521.4,20288.75,20098.44,,60.4821401113416,21060.943984695525,20288.75,19516.556015304475,180.20227909742607,138.8658546157003,41.33642448172577,280.0481050621239,1088.0
2024-05-13,TX,202405,20942.0,20965.0,20833.0,20883.0,71.0,0.34,98279,20881.0,20735.8,20591.9,20295.15,20138.76,,61.655341763808636,21084.6235651051,20295.15,19505.676434894904,198.01439811055752,150.69556331467174,47.31883479588578,271.18752612911504,915.0
2024-05-14,TX,202405,20892.0,21015.0,20868.0,21013.0,132.0,0.63,83853,21006.0,20808.4,20638.0,20320.4,20179.7,,63.69448692677536,21165.810527495112,20320.4,19474.98947250489,220.08355804266102,164.5731622602696,55.51039578239141,262.31698854846394,1033.0
2024-05-15,TX,202406,21192.0,21381.0,21120.0,21247.0,238.0,1.13,63095,21243.0,20912.8,20721.4,20385.1,20225.42,,67.08732860501345,21303.08450967333,20385.1,19467.11549032667,253.53280234225895,182.36509027666747,71.16771206559147,269.8657750807165,1076.0
2024-05-16,TX,202406,21465.0,21556.0,21326.0,21370.0,127.0,0.6,104856,21372.0,21064.4,20829.3,20444.35,20266.54,,68.74096680026452,21451.648818623395,20444.35,19437.051181376602,286.6621783337687,203.22450788808771,83.43767044568096,272.66107686066533,1141.0
2024-05-17,TX,202406,21303.0,21407.0,21288.0,21336.0,-36.0,-0.17,71837,21335.0,21169.8,20924.7,20493.25,20305.48,,67.72797957084276,21571.490580761085,20493.25,19415.009419238915,306.6391859814321,223.90744350675658,82.73174247467551,261.6852856563321,1141.0
2024-05-20,TX,202406,21435.0,21485.0,21153.0,21302.0,-33.0,-0.15,109398,21299.0,21253.6,20994.7,20581.05,20341.34,,66.6699371909195,21621.783486537286,20581.05,19540.316513462712,316.0839733295288,242.34274947131104,73.74122385821778,266.7077652523084,1484.0
2024-05-21,TX,202406,21324.0,21350.0,21165.0,21277.0,-22.0,-0.1,74973,21282.0,21306.4,21057.4,20668.7,20372.7,,65.8552866262098,21630.88212413234,20668.7,19706.517875867663,317.8873369403809,257.451666965125,60.435669975255905,260.8714963057149,1852.0
2024-05-22,TX,202406,21293.0,21613.0,21283.0,21583.0,301.0,1.41,95352,21581.0,21373.6,21143.2,20764.0,20408.54,,70.59196056691113,21691.340929755635,20764.0,19836.659070244365,340.08783735412,273.978901042924,66.10893631119598,266.23781799816385,1795.0
2024-05-23,TX,202406,21630.0,21661.0,21492.0,21604.0,23.0,0.11,85458,21605.0,21420.4,21242.4,20835.7,20446.32,,70.89040857196817,21789.613224565033,20835.7,19881.786775434968,355.280960614411,290.2393129572214,65.04164765718963,259.29225956972357,1606.0
2024-05-24,TX,202406,21448.0,21617.0,21414.0,21565.0,-40.0,-0.19,74314,21568.0,21466.2,21318.0,20919.7,20478.52,,69.48016717644633,21818.218803364718,20919.7,20021.181196635283,360.0245077771506,304.1963519212072,55.82815585594335,255.2713838861719,1181.0
2024-05-27,TX,202406,21670.0,21917.0,21655.0,21875.0,307.0,1.42,88063,21870.0,21580.8,21417.2,21004.55,20517.48,,73.9211245933696,21927.064926708485,21004.55,20082.035073291514,384.3674634428062,320.230574225527,64.13688921727919,262.1805707514453,868.0
2024-05-28,TX,202406,21892.0,21994.0,21845.0,21954.0,84.0,0.38,71888,21951.0,21716.2,21511.3,21074.65,20557.78,,74.92257063689527,22059.89540597749,21074.65,20089.40459402251,405.36131801341617,337.25672298310485,68.10459503031132,254.09624426919922,918.0
2024-05-29,TX,202406,21865.0,21907.0,21720.0,21722.0,-229.0,-1.04,85938,21730.0,21744.0,21558.8,21140.1,20597.62,,66.80887968161203,22114.69220189794,21140.1,20165.50779810206,398.6828699645921,349.5419523794023,49.14091758518981,252.6607982499707,1071.0
2024-05-30,TX,202406,21512.0,21553.0,21368.0,21391.0,-339.0,-1.56,100242,21395.0,21701.4,21560.9,21195.1,20627.06,,57.27827578167163,22092.945175963134,21195.1,20297.254824036863,362.50251471307274,352.13406484613637,10.368449866936373,259.8993126606871,1592.0
2024-05-31,TX,202406,21505.0,21583.0,21253.0,21285.0,-110.0,-0.51,130856,21288.0,21645.4,21555.8,21240.25,20655.42,,54.5924291772849,22057.17224232178,21240.25,20423.32775767822,321.56915929136085,346.02108373518126,-24.451924443820417,264.90650461349514,1706.0
2024-06-03,TX,202406,21469.0,21698.0,21424.0,21654.0,366.0,1.72,116258,21655.0,21601.2,21591.0,21292.85,20691.84,,61.38125424820144,22073.27303272016,21292.85,20512.426967279836,315.27015821405075,339.87089863095514,-24.600740416904387,275.4846114268169,1177.0
2024-06-04,TX,202406,21560.0,21574.0,21284.0,21320.0,-335.0,-1.55,111097,21327.0,21474.4,21595.3,21326.35,20712.96,19625.07,53.573578171617065,22048.892254819868,21326.35,20603.80774518013,280.0983464501842,327.91638819480096,-47.81804174461678,282.2357106106157,1865.0
2024-06-05,TX,202406,21350.0,21493.0,21226.0,21463.0,136.0,0.64,108838,21460.0,21422.6,21583.3,21363.25,20737.38,19661.72,56.145593321347555,22032.601290429844,21363.25,20693.898709570156,260.7574871314864,314.4846079821381,-53.72712085065166,281.14744556700026,2161.0
2024-06-06,TX,202406,21825.0,21962.0,21791.0,21875.0,415.0,1.93,109836,21873.0,21519.4,21610.4,21426.4,20770.26,19705.01,62.578096958197314,22035.97506510663,21426.4,20816.82493489337,275.49889379482556,306.68746514467557,-31.188571349850008,296.7083423122145,1695.0
2024-06-07,TX,202406,21839.0,21908.0,21781.0,21897.0,24.0,0.11,69801,21894.0,21641.8,21643.6,21480.8,20804.46,19748.52,62.89110462535088,22053.338767246467,21480.8,20908.26123275353,285.66382615163093,302.48273734606664,-16.818911194435714,284.586317861342,2016.0
2024-06-11,TX,202406,21920.0,21970.0,21783.0,21798.0,-96.0,-0.44,94289,21801.0,21670.6,21635.9,21526.55,20835.2,19791.31,60.44114467809181,22044.313063572667,21526.55,21008.786936427332,282.4749403781716,298.48117795248766,-16.00623757431606,277.6158665855319,2080.0
2024-06-12,TX,202406,21829.0,22063.0,21790.0,22046.0,245.0,1.12,95615,22046.0,21815.8,21645.1,21578.2,20872.06,19835.82,64.20312129187108,22086.753478013736,21578.2,21069.646521986266,296.5409137422321,298.0931251104365,-1.5522113682044392,277.28616182942244,1954.0
2024-06-13,TX,202406,22308.0,22473.0,22207.0,22323.0,277.0,1.26,114828,22325.0,21987.8,21705.2,21632.0,20912.92,19883.6,67.87758023971745,22211.703027419993,21632.0,21052.296972580007,326.27874570846325,303.73024923004186,22.548496478421384,287.98000741303514,2044.0
2024-06-14,TX,202406,22274.0,22514.0,22270.0,22511.0,186.0,0.83,86467,22510.0,22115.0,21817.2,21689.05,20957.38,19934.13,70.11939819451676,22370.10520334262,21689.05,21007.994796657378,360.8564915998577,315.15549770400503,45.70099389585266,284.83857831210406,1297.0
2024-06-17,TX,202406,22430.0,22554.0,22420.0,22477.0,-33.0,-0.15,91913,22477.0,22231.0,21936.4,21746.1,20996.46,19983.15,69.17908473376747,22487.761351292094,21746.1,21004.438648707903,381.12274275009986,328.348946713224,52.773796036875865,274.06439414695376,1376.0
2024-06-18,TX,202406,22726.0,22812.0,22666.0,22786.0,309.0,1.37,98310,22786.0,22428.6,22049.6,21820.3,21045.2,20036.12,72.75498771193742,22659.866816876453,21820.3,20980.733183123546,417.30715327806683,346.1405880261926,71.16656525187426,278.4169374221714,1216.0
2024-06-19,TX,202407,22883.0,23172.0,22848.0,23129.0,457.0,2.02,71704,23135.0,22645.2,22230.5,21912.9,21098.78,20091.82,76.07347492589868,22889.668938899937,21912.9,20936.131061100066,468.26294895350657,370.56506021165535,97.69788874185122,286.1014418920163,643.0
2024-06-20,TX,202407,23153.0,23380.0,23106.0,23378.0,243.0,1.05,90192,23377.0,22856.2,22422.0,22002.65,21148.86,20152.27,78.15374643481739,23155.64354291336,22002.65,20849.656457086643,522.7124988535979,400.99454794004384,121.71795091355409,285.2370531854437,5.0
2024-06-21,TX,202407,23034.0,23291.0,23025.0,23210.0,-167.0,-0.71,98199,23207.0,22996.0,22555.5,22082.95,21196.04,20212.02,73.50986990790224,23333.292429096855,22082.95,20832.607570903147,546.0138556259881,429.9984094772327,116.01544614875536,290.0772636721977,-301.0
2024-06-24,TX,202407,23050.0,23073.0,22708.0,22746.0,-461.0,-1.99,125022,22754.0,23049.8,22640.4,22142.0,21235.9,20266.68,62.46931313050552,23400.44395981706,22142.0,20883.55604018294,521.0332792439513,448.20538343057643,72.82789581337482,305.21460198132644,-367.0
2024-06-25,TX,202407,22608.0,22776.0,22410.0,22743.0,-11.0,-0.05,126047,22747.0,23041.2,22734.9,22185.4,21275.66,20317.33,62.40405327951165,23463.730692739427,22185.4,20907.069307260575,495.2845851640741,457.621223777276,37.6633613867981,309.5564161255174,87.0
2024-06-26,TX,202407,22806.0,23005.0,22744.0,22872.0,125.0,0.55,113347,22876.0,22989.8,22817.5,22231.3,21322.94,20367.88,64.13888088575159,23538.693146685477,22231.3,20923.906853314522,479.7574364101638,462.04846630385356,17.708970106310232,306.159529259409,-777.0
2024-06-27,TX,202407,22614.0,22822.0,22555.0,22793.0,-83.0,-0.36,83796,22797.0,22872.8,22864.5,22284.85,21379.74,20417.11,62.24462257532265,23592.1489367395,22284.85,20977.551063260496,455.82297586040295,460.80336821516346,-4.980392354760511,306.9338485980226,-532.0
2024-06-28,TX,202407,22908.0,23117.0,22793.0,22983.0,186.0,0.82,103428,22980.0,22827.4,22911.7,22364.45,21435.7,20467.91,64.92747078584726,23637.78223865573,22364.45,21091.11776134427,447.0330369583353,458.0493019637978,-11.016265005462515,308.1528594124496,-737.0
2024-07-01,TX,202407,22960.0,23166.0,22938.0,22991.0,11.0,0.05,83651,22993.0,22876.4,22963.1,22449.75,21488.36,20517.87,65.04011486066868,23648.8084431128,22449.75,21250.6915568872,435.69011574493925,453.5774647200261,-17.887348975086866,302.42765516870315,-701.0
2024-07-02,TX,202407,22838.0,22993.0,22717.0,22831.0,-162.0,-0.7,104985,22835.0,22894.0,22967.6,22508.6,21554.06,20566.19,60.83199587137553,23660.25731014066,22508.6,21356.942689859337,409.07454937267903,444.6768816505567,-35.60233227787768,300.5399655137958,-178.0
2024-07-03,TX,202407,23073.0,23188.0,22981.0,23185.0,350.0,1.53,83985,23183.0,22956.6,22973.2,22601.85,21627.28,20616.79,66.06365814564933,23650.888469266152,22601.85,21552.811530733845,411.7993956693681,438.101384454319,-26.30198878495088,304.57282511995317,-1652.0
2024-07-04,TX,202407,23487.0,23626.0,23461.0,23624.0,441.0,1.9,88198,23621.0,23122.8,22997.8,22709.9,21706.22,20672.22,71.20093115910409,23711.57098390627,22709.9,21708.229016093734,444.26131917054227,439.3333713975636,4.927947772978655,314.3176233256708,-4250.0
2024-07-05,TX,202407,23659.0,23677.0,23526.0,23570.0,-51.0,-0.22,60596,23571.0,23240.2,23033.8,22794.65,21774.22,20728.72,69.80120062635002,23786.19289367617,22794.65,21803.107106323834,460.3239507549879,443.53148726904845,16.792463485939436,302.6520788024086,-3150.0
2024-07-08,TX,202407,23545.0,23994.0,23512.0,23913.0,342.0,1.45,107009,23909.0,23424.6,23150.5,22895.45,21854.78,20787.99,73.38083183832983,23911.078371994292,22895.45,21879.82162800571,495.02459999345956,453.8301098139307,41.194490179528884,315.46264460223654,-2782.0
2024-07-09,TX,202407,23945.0,24092.0,23624.0,23878.0,-31.0,-0.13,130797,23881.0,23634.0,23264.0,22999.45,21928.78,20845.93,72.437272308764,23969.212130627875,22999.45,22029.687869372126,513.7783895678331,465.8197657647112,47.958623803121895,326.35816998779103,-3182.0
2024-07-10,TX,202407,23759.0,24014.0,23702.0,24000.0,119.0,0.5,106474,24002.0,23797.0,23376.8,23097.15,21997.74,20905.07,73.70642195619467,24056.66243347841,23097.15,22137.637566521593,532.3486988974073,479.1255523912504,53.22314650615692,325.3325864172345,-2519.0
2024-07-11,TX,202407,24251.0,24405.0,24160.0,24367.0,365.0,1.52,93552,24371.0,23945.6,23534.2,23199.35,22076.82,20962.07,77.11950579686493,24239.314859983413,23199.35,22159.385140016584,570.1077879858494,497.3219995101702,72.78578847567923,331.0231159588606,-2690.0
2024-07-12,TX,202407,24038.0,24070.0,23784.0,23808.0,-563.0,-2.31,115064,23814.0,23993.2,23616.7,23264.2,22147.16,21013.81,63.58140315503684,24285.978175535114,23264.2,22242.421824464887,548.6015724513163,507.57791409839945,41.02365835291687,349.02146481894204,-2039.0
2024-07-15,TX,202407,24091.0,24112.0,23756.0,23853.0,39.0,0.16,128376,23851.0,23981.2,23702.9,23333.0,22216.58,21065.63,64.12734016052049,24318.138162898897,23333.0,22347.861837101103,529.0898472040208,511.8803007195237,17.209546484497082,349.519931617589,-1875.0
2024-07-16,TX,202407,23830.0,24182.0,23824.0,24002.0,151.0,0.63,129269,23994.0,24006.0,23820.0,23393.8,22284.58,21118.12,65.94756857363954,24386.463608681428,23393.8,22401.13639131857,519.6594089367172,513.4361223629624,6.223286573754876,350.12565078776123,-2162.0
2024-07-17,TX,202408,24009.0,24009.0,23692.0,23772.0,-224.0,-0.93,71906,23779.0,23960.4,23878.7,23425.95,22347.02,21168.92,60.817565858479725,24423.862716624037,23425.95,22428.037283375965,488.00126603285753,508.3491510969414,-20.34788506408387,347.7595328743497,-1405.0
2024-07-18,TX,202408,23294.0,23444.0,23154.0,23383.0,-396.0,-1.67,126201,23387.0,23763.6,23854.6,23426.2,22400.18,21213.86,53.26998415337144,24424.067045251955,23426.2,22428.332954748046,426.6052706975497,492.00037501706305,-65.39510431951334,367.0624233833247,-1022.0
2024-07-19,TX,202408,23148.0,23185.0,22853.0,22909.0,-478.0,-2.04,126482,22907.0,23583.8,23788.5,23411.15,22446.12,21253.82,45.809784336642316,24430.455307549935,23411.15,22391.844692450068,335.829430811511,460.7661861759526,-124.93675536444164,378.70082171308724,-473.0
2024-07-22,TX,202408,22859.0,22906.0,22184.0,22379.0,-528.0,-2.3,177941,22374.0,23289.0,23635.1,23392.8,22477.52,21287.98,39.19936336755508,24470.86226165294,23392.8,22314.73773834706,218.60244023627456,412.333436988017,-193.73099675174245,403.4364773050096,-176.0
2024-07-23,TX,202408,22600.0,22871.0,22571.0,22830.0,456.0,2.04,95310,22835.0,23054.6,23530.3,23397.15,22516.46,21327.61,46.300479765487665,24465.346288141813,23397.15,22328.95371185819,160.24394402791586,361.9155383959968,-201.67159436808095,409.7624432117946,-730.0
2024-07-26,TX,202408,22028.0,22156.0,21918.0,22095.0,-740.0,-3.24,121567,22096.0,22719.2,23339.8,23358.3,22538.1,21358.9,38.42423483342808,24549.504617183822,23358.3,22167.095382816176,54.06285504384141,300.34500172556574,-246.28214668172433,445.63655441095216,34.0
2024-07-29,TX,202408,22430.0,22519.0,22146.0,22261.0,165.0,0.75,99245,22256.0,22494.8,23129.2,23331.7,22558.38,21391.9,40.87071544609089,24593.85642453705,23331.7,22069.54357546295,-16.50139250828215,236.97572287879615,-253.4771153870783,444.0910862387413,-55.0
2024-07-30,TX,202408,21933.0,22299.0,21809.0,22246.0,-10.0,-0.04,126029,22252.0,22362.2,22973.0,23294.85,22575.9,21421.22,40.71330405235599,24636.1321142476,23294.85,21953.567885752396,-72.79530278407037,175.02151774622286,-247.81682053029323,447.3702943645455,-100.0
2024-07-31,TX,202408,22050.0,22348.0,22013.0,22290.0,38.0,0.17,109982,22284.0,22344.4,22816.7,23259.8,22594.98,21450.23,41.42595236459151,24666.07288959151,23259.8,21853.52711040849,-112.560670632236,117.50508007053108,-230.06575070276708,439.34384476707794,111.0
2024-08-01,TX,202408,22721.0,22728.0,22460.0,22653.0,369.0,1.66,102459,22660.0,22309.0,22681.8,23250.9,22622.0,21481.67,47.07784808337604,24670.108920490413,23250.9,21831.69107950959,-113.47586571974534,71.30889091247579,-184.78475663222113,439.2478558551438,-477.0
2024-08-02,TX,202408,22000.0,22099.0,21508.0,21533.0,-1127.0,-4.97,139674,21526.0,22196.6,22457.9,23168.3,22627.12,21499.91,35.648404619542866,24773.363998724057,23168.3,21563.23600127594,-202.2444559937794,16.598221531224738,-218.84267752500415,489.6587232940621,790.0
2024-08-05,TX,202408,20712.0,20742.0,19374.0,19374.0,-2152.0,-10.0,211207,19374.0,21619.2,22057.0,22955.8,22582.94,21495.74,23.70244703489538,25243.465937150802,22955.8,20668.134062849196,-441.71563690940457,-75.06455015690113,-366.65108675250343,608.8973859159148,2853.0
2024-08-06,TX,202408,20395.0,20790.0,19589.0,20420.0,1046.0,5.4,190100,20455.0,21254.0,21808.1,22798.3,22559.26,21502.79,35.05715358988332,25317.188334166494,22798.3,20279.411665833504,-540.8601161235347,-168.22366335022787,-372.6364527733068,666.5475726362066,1650.0
2024-08-07,TX,202408,20500.0,21335.0,20494.0,21131.0,676.0,3.3,155051,21142.0,21022.2,21683.3,22659.2,22550.58,21514.55,41.437013218574805,25223.350900395668,22659.2,20095.049099604334,-555.6558178881824,-245.71009425781875,-309.9457236303636,684.2941745907632,-184.0
2024-08-08,TX,202408,20680.0,21082.0,20545.0,20696.0,-446.0,-2.11,121331,20698.0,20630.8,21469.9,22500.1,22527.0,21522.24,38.91797706196491,25135.883519183662,22500.1,19864.316480816335,-595.6164865882529,-315.6913727239056,-279.9251138643473,677.2731621199944,487.0
2024-08-09,TX,202408,21305.0,21593.0,21032.0,21481.0,783.0,3.78,136829,21483.0,20620.4,21408.5,22374.15,22517.54,21537.66,45.371944664840235,24951.294565211596,22374.15,19797.005434788407,-557.5159679163626,-364.056291762397,-193.45967615396557,692.9679362542804,-162.0
2024-08-12,TX,202408,21650.0,21895.0,21600.0,21677.0,194.0,0.9,89347,21676.0,21081.0,21350.1,22239.65,22516.64,21557.13,46.881098637802765,24662.917733866765,22239.65,19816.382266133238,-505.676348239911,-392.3803030578998,-113.2960451820112,673.0416550932604,-604.0
2024-08-13,TX,202408,21848.0,21898.0,21662.0,21769.0,93.0,0.43,68585,21771.0,21350.8,21302.4,22137.7,22524.2,21575.63,47.61267634321374,24457.8312980088,22137.7,19817.5687019912,-451.9595368325463,-404.2961498128291,-47.66338701971716,641.8243940151704,-769.0
2024-08-14,TX,202408,22104.0,22158.0,21908.0,21978.0,207.0,0.95,85768,21996.0,21520.2,21271.2,22043.95,22538.06,21596.74,49.320286278767824,24226.724150021026,22043.95,19861.175849978976,-388.05081522469845,-401.047082895203,12.996267670504551,623.7655087283725,-973.0
2024-08-15,TX,202408,21993.0,22114.0,21836.0,21840.0,-156.0,-0.71,71553,21840.0,21749.0,21189.9,21935.85,22541.78,21616.81,48.20302628077575,23925.645896568356,21935.85,19946.05410343164,-344.5661949880705,-389.7509053137765,45.18471032570602,599.0679723906316,-129.0
2024-08-16,TX,202408,22324.0,22447.0,22277.0,22367.0,527.0,2.41,83257,22365.0,21926.2,21273.3,21865.6,22562.72,21637.84,52.617350379094304,23682.860619724117,21865.6,20048.33938027588,-264.53048175438016,-364.7068206018972,100.17633884751706,599.6345457913006,-547.0
2024-08-19,TX,202408,22400.0,22521.0,22320.0,22361.0,-4.0,-0.02,103565,22361.0,22063.0,21572.0,21814.5,22580.68,21659.03,52.562426581961674,23511.725677392373,21814.5,20117.274322607627,-199.28847871653852,-331.6231522248255,132.33467350828698,571.1606496633506,-548.0
2024-08-20,TX,202408,22555.0,22574.0,22389.0,22436.0,75.0,0.34,84420,22435.0,22196.4,21773.6,21790.85,22591.9,21681.08,53.21976449223196,23438.880372899835,21790.85,20142.81962710016,-139.9189495134815,-293.2823116825567,153.36336216907523,545.5777461159684,-744.0
2024-08-21,TX,202409,22282.0,22315.0,22165.0,22203.0,-200.0,-0.89,44448,22202.0,22241.4,21880.8,21782.05,22598.02,21701.24,50.861799894570524,23419.268308595394,21782.05,20144.831691404604,-110.39673775024858,-256.7051968960951,146.30845914584654,525.9650499648277,-129.0
2024-08-22,TX,202409,22229.0,22277.0,22026.0,22100.0,-102.0,-0.46,72407,22100.0,22293.4,22021.2,21745.55,22604.06,21719.63,49.81115268618378,23318.99634163358,21745.55,20172.103658366417,-94.22524149415403,-224.2092058157069,129.98396432155286,506.32468925305426,120.0
2024-08-23,TX,202409,21942.0,22170.0,21865.0,22129.0,29.0,0.13,67429,22123.0,22245.8,22086.0,21747.25,22605.72,21738.89,50.12354920388432,23322.275571220973,21747.25,20172.224428779027,-78.16808355568355,-195.00098136370224,116.83289780801869,491.94435430640755,209.0
2024-08-26,TX,202409,22230.0,22450.0,22131.0,22206.0,83.0,0.38,82518,22210.0,22214.8,22138.9,21744.5,22603.38,21758.15,50.99573745343374,23316.116301773418,21744.5,20172.883698226582,-58.55443464599375,-167.71167202016053,109.15723737416678,479.7340432845213,285.0
2024-08-27,TX,202409,22112.0,22210.0,21998.0,22146.0,-64.0,-0.29,64037,22152.0,22156.8,22176.6,21739.5,22596.08,21776.73,50.25822887170774,23305.328151490434,21739.5,20173.671848509566,-47.30665348146795,-143.63066831242202,96.32401483095407,460.6101830499127,646.0
2024-08-28,TX,202409,22181.0,22414.0,22048.0,22401.0,249.0,1.12,77112,22405.0,22196.4,22218.9,21745.05,22594.56,21795.51,53.346337430197245,23319.407326022276,21745.05,20170.692673977723,-17.61330181716403,-118.42719501337042,100.8138931962064,453.8523128320618,556.0
2024-08-29,TX,202409,21938.0,22245.0,21900.0,22176.0,-229.0,-1.02,80378,22167.0,22211.6,22252.5,21721.2,22582.36,21813.78,50.37460315721233,23253.712525234252,21721.2,20188.68747476575,-12.097276418440742,-97.16121129438449,85.06393487594374,457.2200047726288,708.0
2024-08-30,TX,202409,22320.0,22366.0,22213.0,22323.0,156.0,0.7,62747,22318.0,22250.4,22248.1,21760.7,22566.24,21832.51,52.24628500517039,23312.377298925283,21760.7,20209.02270107472,4.088752328920236,-76.91121856972354,80.99997089864378,438.13286157458384,3.0
2024-09-02,TX,202409,22318.0,22448.0,22172.0,22227.0,-91.0,-0.41,72350,22212.0,22254.6,22234.7,21903.35,22543.22,21846.04,50.89622767286104,23012.640813988997,21903.35,20794.059186011,9.065398756865761,-59.71589510440568,68.78129386127145,426.551942890685,164.0
2024-09-03,TX,202409,22205.0,22314.0,22000.0,22070.0,-142.0,-0.64,72699,22051.0,22239.4,22198.1,21985.85,22520.42,21858.23,48.68075106195237,22862.656768906563,21985.85,21109.043231093434,0.33695480431924807,-47.705325122660696,48.042279926979944,418.5125183984932,214.0
2024-09-04,TX,202409,21246.0,21347.0,20828.0,20947.0,-1104.0,-5.01,139676,20940.0,21948.6,22072.5,21976.65,22484.44,21860.17,36.456519534105375,22892.149705078908,21976.65,21061.150294921095,-96.08945518475957,-57.38215113508047,-38.7073040496791,477.3330527986009,1832.0
2024-09-05,TX,202409,21310.0,21454.0,21056.0,21183.0,243.0,1.16,85120,21183.0,21750.0,21980.8,22001.0,22453.24,21864.45,39.87353465505518,22797.072358520283,22001.0,21204.927641479717,-151.71596494617916,-76.24891389730021,-75.46705104887894,479.45212045584367,1392.0
2024-09-06,TX,202409,21211.0,21435.0,21013.0,21319.0,136.0,0.64,92055,21316.0,21549.2,21899.8,21992.9,22422.18,21872.56,41.815298027991275,22812.90826825082,21992.9,21172.891731749183,-182.7200285490435,-97.54313682764887,-85.17689172139463,475.3483975661406,1383.0
2024-09-09,TX,202409,20734.0,21125.0,20616.0,21073.0,-243.0,-1.14,95274,21083.0,21318.4,21786.5,21962.7,22387.78,21883.76,39.34043766364713,22867.16118766919,21962.7,21058.238812330812,-224.5526136675362,-122.94503219562634,-101.60758147190987,491.6092263114163,1839.0
2024-09-10,TX,202409,21233.0,21281.0,20905.0,21000.0,-83.0,-0.39,96570,21005.0,21104.4,21671.9,21924.25,22348.12,21891.91,38.61015748465073,22919.232788795867,21924.25,20929.267211204133,-260.59178874706777,-150.47438350591463,-110.11740524115314,483.35142443202943,2008.0
2024-09-11,TX,202409,21100.0,21130.0,20950.0,21005.0,0.0,0.0,74321,21006.0,21116.0,21532.3,21875.6,22308.4,21898.38,38.694100472413574,22947.490740700854,21875.6,20803.709259299143,-285.45904228519794,-177.47131526177128,-107.98772702342666,461.68346554402734,2220.0
2024-09-12,TX,202409,21597.0,21780.0,21461.0,21711.0,705.0,3.36,91690,21703.0,21221.6,21485.8,21869.15,22286.0,21920.03,49.2469436503839,22943.36995419921,21869.15,20794.930045800793,-245.36975041580808,-191.05100229257863,-54.318748123229454,484.06321800516827,1352.0
2024-09-13,TX,202409,21800.0,21833.0,21657.0,21820.0,117.0,0.54,74408,21815.0,21321.8,21435.5,21841.8,22258.7,21942.99,50.65909361216252,22891.499309326296,21841.8,20792.100690673702,-202.46936789231768,-193.33467541252645,-9.134692479791227,462.0587024333705,1436.0
2024-09-16,TX,202409,21807.0,21871.0,21735.0,21813.0,-2.0,-0.01,72650,21815.0,21469.8,21394.1,21814.4,22222.48,21964.35,50.56179708371843,22836.710011689094,21814.4,20792.08998831091,-167.10901841787563,-188.08954401359628,20.98052559572065,438.7687951167012,1844.0
2024-09-18,TX,202410,21761.0,21881.0,21625.0,21692.0,-142.0,-0.65,42700,21694.0,21608.2,21356.3,21777.2,22184.92,21979.57,48.816464230516544,22759.69755215971,21777.2,20794.702447840293,-147.15308628356433,-179.9022524675899,32.74916618402557,425.713881179794,1875.0
2024-09-19,TX,202410,21763.0,22082.0,21661.0,22074.0,380.0,1.75,82818,22075.0,21822.0,21469.0,21770.75,22148.14,22001.46,54.19242110891271,22743.628178396477,21770.75,20797.871821603523,-99.36820399846329,-163.7954427737646,64.4272387753013,425.37717538123724,
2024-09-20,TX,202410,22345.0,22425.0,22186.0,22220.0,145.0,0.66,69559,22216.0,21923.8,21572.7,21776.75,22114.98,22021.88,56.09068392902162,22759.11039720667,21776.75,20794.38960279333,-49.15078107995578,-140.86651043500282,91.71572935504705,420.0645199968631,
2024-09-23,TX,202410,22291.0,22392.0,22258.0,22338.0,122.0,0.55,52925,22338.0,22027.4,21674.6,21787.2,22081.74,22039.74,57.61930863830646,22788.588755678742,21787.2,20785.81124432126,0.16658195967465872,-112.65989195606733,112.82647391574199,402.3456257113729,
2024-09-24,TX,202410,22298.0,22508.0,22152.0,22491.0,153.0,0.68,77440,22493.0,22163.0,21816.4,21801.45,22044.22,22060.52,59.58398836433961,22833.901156229615,21801.45,20768.998843770387,51.008771441323915,-79.92615927658908,130.934930717913,399.0352238748463,
2024-09-25,TX,202410,22835.0,22860.0,22739.0,22792.0,299.0,1.33,63897,22792.0,22383.0,21995.6,21833.75,22023.9,22085.53,63.19849521039428,22944.73026535132,21833.75,20722.76973464868,114.2724951498385,-41.086428391303556,155.35892354114208,396.8898507409287,
2024-09-26,TX,202410,23034.0,23078.0,22892.0,22957.0,165.0,0.72,65948,22957.0,22559.6,22190.8,21861.55,22005.98,22111.28,65.0440172907937,23052.838961587448,21861.55,20670.26103841255,175.69823315337635,2.270503917632432,173.42772923574393,388.9691471165766,
2024-09-27,TX,202410,23190.0,23195.0,22878.0,22884.0,-73.0,-0.32,75657,22892.0,22692.4,22308.1,21896.95,21983.62,22134.1,63.526163649371945,23163.22871734463,21896.95,20630.67128265537,215.9981904706401,45.01604122823397,170.98214924240614,383.8284937511068,
2024-09-30,TX,202410,22699.0,22755.0,22316.0,22326.0,-566.0,-2.47,87164,22326.0,22690.0,22358.7,21897.1,21954.7,22150.86,53.28946492049271,23163.581251341868,21897.1,20630.61874865813,200.59789275088042,76.13241153276326,124.46548121811716,396.98360134031344,
2024-10-01,TX,202410,22246.0,22463.0,22228.0,22391.0,65.0,0.29,57504,22391.0,22670.0,22416.5,21905.3,21934.86,22167.52,54.21500306766413,23182.298997650374,21905.3,20628.301002349624,191.431301742512,99.19218957471301,92.239112167799,385.41334410171964,
2024-10-04,TX,202410,22331.0,22507.0,22250.0,22284.0,-107.0,-0.48,83107,22288.0,22568.4,22475.7,21916.0,21922.36,22184.24,52.37524525765653,23201.895019043157,21916.0,20630.104980956843,173.53233383860425,114.06021842749126,59.47211541111298,376.24096238016824,
2024-10-07,TX,202410,22570.0,22808.0,22539.0,22779.0,491.0,2.2,76667,22767.0,22532.8,22546.2,22007.6,21930.36,22203.94,59.26243895581705,23265.02807348984,22007.6,20750.171926510156,197.0185289698602,130.65188053596506,66.36664843389514,386.79517935301334,
2024-10-08,TX,202410,22606.0,22634.0,22392.0,22575.0,-192.0,-0.84,73369,22578.0,22471.0,22581.7,22077.2,21925.26,22220.86,55.688209328953974,23297.914643149565,22077.2,20856.485356850437,196.90066442631723,143.9016373140355,52.99902711228174,386.80980939922665,
2024-10-09,TX,202410,22770.0,22888.0,22666.0,22702.0,124.0,0.55,66303,22699.0,22546.2,22618.1,22146.35,21937.4,22237.75,57.41033709499107,23343.897038742245,22146.35,20948.802961257752,204.69549232608915,156.06040831644623,48.635084009642924,381.53768015642476,
2024-10-11,TX,202410,22829.0,23047.0,22794.0,22912.0,213.0,0.94,69251,22911.0,22650.4,22660.2,22238.3,21950.42,22254.4,60.16703371808568,23372.816478505316,22238.3,21103.783521494683,225.22197581079672,169.89272181531632,55.3292539954804,378.9278458595373,
2024-10-14,TX,202410,22987.0,23049.0,22818.0,23008.0,97.0,0.42,85874,23005.0,22795.2,22681.8,22338.7,21965.66,22270.78,61.397135165223915,23367.591267335752,22338.7,21309.80873266425,246.39546599613095,185.19327065147925,61.2021953446517,368.36157115528465,
2024-10-15,TX,202410,23168.0,23386.0,23101.0,23225.0,220.0,0.96,79192,23228.0,22884.4,22708.6,22449.7,21984.36,22289.67,64.09619169960916,23350.081941178225,22449.7,21549.318058821777,277.4869985801233,203.65201623720807,73.83498234291525,369.0500303584786,
2024-10-16,TX,202411,22952.0,23260.0,22921.0,23063.0,-225.0,-0.97,49987,23061.0,22982.0,22726.5,22517.3,21992.56,22307.28,60.684943189601,23388.219307398827,22517.3,21646.38069260117,285.7611395096901,220.0738408917045,65.68729861798562,366.90359961858724,
2024-10-17,TX,202411,23142.0,23277.0,23005.0,23256.0,195.0,0.85,75826,23256.0,23092.8,22819.5,22589.1,22027.02,22327.07,63.19787663814783,23454.992348967342,22589.1,21723.207651032655,304.3832027506942,236.93571326350244,67.44748948719175,360.1247710744024,
2024-10-18,TX,202411,23820.0,23840.0,23527.0,23657.0,401.0,1.72,90326,23657.0,23241.8,22946.1,22681.3,22112.68,22347.81,67.80270283005936,23588.70401145256,22681.3,21773.89598854744,347.4929878796793,259.0471681867378,88.44581969294148,376.11585885480224,
2024-10-21,TX,202411,23810.0,23836.0,23566.0,23567.0,-90.0,-0.38,53481,23574.0,23353.6,23074.4,22775.05,22175.62,22367.44,65.81234771375438,23640.71494095591,22775.05,21909.38505904409,370.12893932968655,281.26352241532754,88.865416914359,368.5361546508878,
