日期,未沖銷契約數
2018-06-05,105924
2018-06-06,112680
2018-06-07,109476
2018-06-08,108511
2018-06-11,108428
2018-06-12,107456
2018-06-13,106747
2018-06-14,105285
2018-06-15,111195
2018-06-19,111591
2018-06-20,107506
2018-06-21,96438
2018-06-22,99105
2018-06-25,100133
2018-06-26,100696
2018-06-27,101958
2018-06-28,106020
2018-06-29,106466
2018-07-02,102217
2018-07-03,102649
2018-07-04,102438
2018-07-05,108571
2018-07-06,110119
2018-07-09,109882
2018-07-10,105650
2018-07-11,105046
2018-07-12,110285
2018-07-13,113119
2018-07-16,112678
2018-07-17,120250
2018-07-18,117561
2018-07-19,99555
2018-07-20,105157
2018-07-23,104920
2018-07-24,106665
2018-07-25,105768
2018-07-26,107083
2018-07-27,115312
2018-07-30,111977
2018-07-31,113337
2018-08-01,117360
2018-08-02,117080
2018-08-03,116779
2018-08-06,114266
2018-08-07,115134
2018-08-08,121069
2018-08-09,115911
2018-08-10,113970
2018-08-13,115730
2018-08-14,111060
2018-08-15,116562
2018-08-16,100773
2018-08-17,104563
2018-08-20,105535
2018-08-21,106516
2018-08-22,102181
2018-08-23,103613
2018-08-24,101773
2018-08-27,103027
2018-08-28,105236
2018-08-29,113658
2018-08-30,114925
2018-08-31,109952
2018-09-03,108763
2018-09-04,110101
2018-09-05,108931
2018-09-06,109226
2018-09-07,108707
2018-09-10,111514
2018-09-11,107110
2018-09-12,107059
2018-09-13,108654
2018-09-14,110725
2018-09-17,110548
2018-09-18,106557
2018-09-19,105871
2018-09-20,88802
2018-09-21,90273
2018-09-25,93387
2018-09-26,92018
2018-09-27,96454
2018-09-28,96503
2018-10-01,100454
2018-10-02,100456
2018-10-03,97893
2018-10-04,107612
2018-10-05,112580
2018-10-08,116362
2018-10-09,117922
2018-10-11,116646
2018-10-12,113963
2018-10-15,118789
2018-10-16,128109
2018-10-17,127753
2018-10-18,94296
2018-10-19,96022
2018-10-22,94341
2018-10-23,99326
2018-10-24,96882
2018-10-25,101517
2018-10-26,100021
2018-10-29,97188
2018-10-30,98967
2018-10-31,98997
2018-11-01,100008
2018-11-02,101229
2018-11-05,98754
2018-11-06,102100
2018-11-07,104903
2018-11-08,108283
2018-11-09,106927
2018-11-12,106583
2018-11-13,105242
2018-11-14,106045
2018-11-15,104084
2018-11-16,105726
2018-11-19,115686
2018-11-20,120242
2018-11-21,121694
2018-11-22,93746
2018-11-23,95261
2018-11-26,95237
2018-11-27,95584
2018-11-28,98812
2018-11-29,97804
2018-11-30,97819
2018-12-03,103140
2018-12-04,98754
2018-12-05,97574
2018-12-06,100598
2018-12-07,99874
2018-12-10,99359
2018-12-11,99814
2018-12-12,98540
2018-12-13,99913
2018-12-14,97794
2018-12-17,100626
2018-12-18,107297
2018-12-19,105976
2018-12-20,92575
2018-12-21,92310
2018-12-22,95281
2018-12-24,94894
2018-12-25,98585
2018-12-26,99507
2018-12-27,99822
2018-12-28,98665
2019-01-02,101881
2019-01-03,100700
2019-01-04,100935
2019-01-07,100588
2019-01-08,96119
2019-01-09,100057
2019-01-10,96395
2019-01-11,100102
2019-01-14,96287
2019-01-15,108386
2019-01-16,97982
2019-01-17,89764
2019-01-18,93318
2019-01-21,97521
2019-01-22,97039
2019-01-23,94278
2019-01-24,95147
2019-01-25,103614
2019-01-28,102204
2019-01-29,97662
2019-01-30,93685
2019-02-11,95505
2019-02-12,102030
2019-02-13,101817
2019-02-14,100604
2019-02-15,99541
2019-02-18,106936
2019-02-19,117756
2019-02-20,118112
2019-02-21,100291
2019-02-22,96211
2019-02-25,98128
2019-02-26,98305
2019-02-27,97969
2019-03-04,98495
2019-03-05,96933
2019-03-06,99707
2019-03-07,100053
2019-03-08,100325
2019-03-11,101601
2019-03-12,103421
2019-03-13,101223
2019-03-14,100599
2019-03-15,111658
2019-03-18,116378
2019-03-19,124176
2019-03-20,119531
2019-03-21,106673
2019-03-22,105744
2019-03-25,103618
2019-03-26,105714
2019-03-27,103136
2019-03-28,105561
2019-03-29,107993
2019-04-01,107786
2019-04-02,107279
2019-04-03,104403
2019-04-08,108977
2019-04-09,114169
2019-04-10,111184
2019-04-11,108728
2019-04-12,108267
2019-04-15,118109
2019-04-16,120249
2019-04-17,119463
2019-04-18,105000
2019-04-19,106778
2019-04-22,106646
2019-04-23,106660
2019-04-24,105159
2019-04-25,108938
2019-04-26,105386
2019-04-29,106557
2019-04-30,106577
2019-05-02,107156
2019-05-03,113100
2019-05-06,105491
2019-05-07,108150
2019-05-08,106849
2019-05-09,111605
2019-05-10,112427
2019-05-13,126812
2019-05-14,122401
2019-05-15,117122
2019-05-16,93128
2019-05-17,100225
2019-05-20,99848
2019-05-21,99969
2019-05-22,92988
2019-05-23,94919
2019-05-24,93249
2019-05-27,92560
2019-05-28,92826
2019-05-29,93914
2019-05-30,96093
2019-05-31,96366
2019-06-03,93266
2019-06-04,92354
2019-06-05,95407
2019-06-06,96576
2019-06-10,103101
2019-06-11,100491
2019-06-12,97366
2019-06-13,95766
2019-06-14,102057
2019-06-17,117111
2019-06-18,123475
2019-06-19,128682
2019-06-20,100294
2019-06-21,107291
2019-06-24,108984
2019-06-25,108446
2019-06-26,108699
2019-06-27,112719
2019-06-28,109510
2019-07-01,114346
2019-07-02,109784
2019-07-03,101939
2019-07-04,101617
2019-07-05,100224
2019-07-08,99171
2019-07-09,102581
2019-07-10,104294
2019-07-11,107727
2019-07-12,110588
2019-07-15,108118
2019-07-16,106145
2019-07-17,100018
2019-07-18,85203
2019-07-19,89296
2019-07-22,94818
2019-07-23,92791
2019-07-24,91079
2019-07-25,90462
2019-07-26,90487
2019-07-29,92880
2019-07-30,94810
2019-07-31,92220
2019-08-01,92698
2019-08-02,98884
2019-08-05,103697
2019-08-06,97548
2019-08-07,98345
2019-08-08,97861
2019-08-12,97239
2019-08-13,97798
2019-08-14,98291
2019-08-15,103865
2019-08-16,101338
2019-08-19,102986
2019-08-20,105205
2019-08-21,101168
2019-08-22,88344
2019-08-23,90608
2019-08-26,93800
2019-08-27,92267
2019-08-28,93362
2019-08-29,95220
2019-08-30,98848
2019-09-02,98601
2019-09-03,99522
2019-09-04,104532
2019-09-05,102035
2019-09-06,102628
2019-09-09,103566
2019-09-10,102626
2019-09-11,101882
2019-09-12,115730
2019-09-16,131581
2019-09-17,135659
2019-09-18,129196
2019-09-19,95474
2019-09-20,97618
2019-09-23,97945
2019-09-24,102548
2019-09-25,102981
2019-09-26,102973
2019-09-27,103971
2019-10-01,111162
2019-10-02,108847
2019-10-03,109015
2019-10-04,108633
2019-10-07,110257
2019-10-08,118904
2019-10-09,110798
2019-10-14,119169
2019-10-15,123390
2019-10-16,117498
2019-10-17,105944
2019-10-18,106305
2019-10-21,105430
2019-10-22,107263
2019-10-23,106793
2019-10-24,109666
2019-10-25,108336
2019-10-28,107899
2019-10-29,108093
2019-10-30,109186
2019-10-31,110155
2019-11-01,111028
2019-11-04,117078
2019-11-05,114162
2019-11-06,111534
2019-11-07,108342
2019-11-08,106865
2019-11-11,109930
2019-11-12,109498
2019-11-13,107250
2019-11-14,109613
2019-11-15,110423
2019-11-18,113469
2019-11-19,115911
2019-11-20,108905
2019-11-21,91085
2019-11-22,92110
2019-11-25,91881
2019-11-26,95327
2019-11-27,94644
2019-11-28,93914
2019-11-29,97925
2019-12-02,97687
2019-12-03,99029
2019-12-04,96298
2019-12-05,100900
2019-12-06,99609
2019-12-09,103281
2019-12-10,100608
2019-12-11,102473
2019-12-12,102919
2019-12-13,111175
2019-12-16,120740
2019-12-17,123303
2019-12-18,117044
2019-12-19,90138
2019-12-20,89496
2019-12-23,89566
2019-12-24,89462
2019-12-25,89755
2019-12-26,91299
2019-12-27,94452
2019-12-30,94174
2019-12-31,95440
2020-01-02,94426
2020-01-03,92675
2020-01-06,94189
2020-01-07,92192
2020-01-08,92445
2020-01-09,96775
2020-01-10,101559
2020-01-13,108823
2020-01-14,106143
2020-01-15,107995
2020-01-16,84613
2020-01-17,83785
2020-01-20,83748
2020-01-30,93726
2020-01-31,92043
2020-02-03,93820
2020-02-04,91138
2020-02-05,90119
2020-02-06,92059
2020-02-07,88080
2020-02-10,89611
2020-02-11,88994
2020-02-12,93628
2020-02-13,94454
2020-02-14,96814
2020-02-17,102189
2020-02-18,107979
2020-02-19,104603
2020-02-20,79636
2020-02-21,80362
2020-02-24,84621
2020-02-25,86881
2020-02-26,87051
2020-02-27,89145
2020-03-02,93632
2020-03-03,89976
2020-03-04,92234
2020-03-05,98911
2020-03-06,99103
2020-03-09,101098
2020-03-10,102593
2020-03-11,105218
2020-03-12,115205
2020-03-13,128623
2020-03-16,130457
2020-03-17,135236
2020-03-18,140821
2020-03-19,112399
2020-03-20,106305
2020-03-23,111509
2020-03-24,104155
2020-03-25,95545
2020-03-26,93424
2020-03-27,93769
2020-03-30,96194
2020-03-31,97720
2020-04-01,97647
2020-04-06,97423
2020-04-07,97083
2020-04-08,100308
2020-04-09,105058
2020-04-10,107666
2020-04-13,105566
2020-04-14,106892
2020-04-15,102944
2020-04-16,85143
2020-04-17,85089
2020-04-20,87046
2020-04-21,95604
2020-04-22,93400
2020-04-23,92192
2020-04-24,92492
2020-04-27,96620
2020-04-28,95770
2020-04-29,97567
2020-04-30,96490
2020-05-04,95085
2020-05-05,95439
2020-05-06,96011
2020-05-07,98378
2020-05-08,98659
2020-05-11,100073
2020-05-12,100398
2020-05-13,101526
2020-05-14,103241
2020-05-15,101723
2020-05-18,104820
2020-05-19,100834
2020-05-20,102283
2020-05-21,88819
2020-05-22,92368
2020-05-25,88069
2020-05-26,92731
2020-05-27,90533
2020-05-28,90517
2020-05-29,92088
2020-06-01,97298
2020-06-02,95815
2020-06-03,99134
2020-06-04,95685
2020-06-05,99790
2020-06-08,98232
2020-06-09,101831
2020-06-10,102790
2020-06-11,102735
2020-06-12,102877
2020-06-15,102646
2020-06-16,106853
2020-06-17,103121
2020-06-18,88744
2020-06-19,89297
2020-06-22,95885
2020-06-23,96905
2020-06-24,96942
2020-06-29,95877
2020-06-30,96963
2020-07-01,101412
2020-07-02,105080
2020-07-03,104326
2020-07-06,106782
2020-07-07,103395
2020-07-08,103919
2020-07-09,102220
2020-07-10,102635
2020-07-13,102238
2020-07-14,102480
2020-07-15,100596
2020-07-16,87801
2020-07-17,89882
2020-07-20,91288
2020-07-21,99671
2020-07-22,98191
2020-07-23,98351
2020-07-24,99276
2020-07-27,96921
2020-07-28,97543
2020-07-29,100211
2020-07-30,99641
2020-07-31,102091
2020-08-03,106949
2020-08-04,107219
2020-08-05,106350
2020-08-06,106060
2020-08-07,106629
2020-08-10,106375
2020-08-11,105548
2020-08-12,100477
2020-08-13,99987
2020-08-14,99735
2020-08-17,103861
2020-08-18,98373
2020-08-19,99240
2020-08-20,96303
2020-08-21,94364
2020-08-24,94812
2020-08-25,98013
2020-08-26,95984
2020-08-27,94044
2020-08-28,95779
2020-08-31,100145
2020-09-01,99304
2020-09-02,96170
2020-09-03,97813
2020-09-04,99137
2020-09-07,98026
2020-09-08,101440
2020-09-09,107169
2020-09-10,109165
2020-09-11,109681
2020-09-14,116900
2020-09-15,117560
2020-09-16,114338
2020-09-17,100033
2020-09-18,101980
2020-09-21,110377
2020-09-22,113248
2020-09-23,111666
2020-09-24,114831
2020-09-25,111949
2020-09-28,116229
2020-09-29,115860
2020-09-30,112962
2020-10-05,111384
2020-10-06,114795
2020-10-07,113624
2020-10-08,113867
2020-10-12,114153
2020-10-13,115808
2020-10-14,116558
2020-10-15,115815
2020-10-16,113521
2020-10-19,119610
2020-10-20,120790
2020-10-21,114947
2020-10-22,105823
2020-10-23,104826
2020-10-26,108805
2020-10-27,110765
2020-10-28,112218
2020-10-29,114116
2020-10-30,117809
2020-11-02,116787
2020-11-03,120454
2020-11-04,119898
2020-11-05,120888
2020-11-06,124014
2020-11-09,127798
2020-11-10,124154
2020-11-11,128391
2020-11-12,124059
2020-11-13,125190
2020-11-16,128530
2020-11-17,127864
2020-11-18,130082
2020-11-19,108797
2020-11-20,106789
2020-11-23,105970
2020-11-24,106171
2020-11-25,109610
2020-11-26,113551
2020-11-27,113349
2020-11-30,116216
2020-12-01,117462
2020-12-02,116484
2020-12-03,113837
2020-12-04,122346
2020-12-07,118535
2020-12-08,119367
2020-12-09,119613
2020-12-10,119440
2020-12-11,119751
2020-12-14,119088
2020-12-15,122053
2020-12-16,121501
2020-12-17,100847
2020-12-18,103308
2020-12-21,107064
2020-12-22,104515
2020-12-23,102692
2020-12-24,105365
2020-12-25,104910
2020-12-28,111639
2020-12-29,109296
2020-12-30,114188
2020-12-31,112907
2021-01-04,115758
2021-01-05,116134
2021-01-06,115597
2021-01-07,119134
2021-01-08,119993
2021-01-11,122532
2021-01-12,125984
2021-01-13,129467
2021-01-14,129082
2021-01-15,122564
2021-01-18,125879
2021-01-19,117092
2021-01-20,118127
2021-01-21,96361
2021-01-22,100154
2021-01-25,102683
2021-01-26,105468
2021-01-27,104398
2021-01-28,105753
2021-01-29,104934
2021-02-01,104777
2021-02-02,105712
2021-02-03,99325
2021-02-04,99153
2021-02-05,98855
2021-02-17,102287
2021-02-18,87372
2021-02-19,87022
2021-02-22,89818
2021-02-23,92811
2021-02-24,95069
2021-02-25,94472
2021-02-26,99874
2021-03-02,100238
2021-03-03,98115
2021-03-04,96740
2021-03-05,97779
2021-03-08,98021
2021-03-09,98301
2021-03-10,95755
2021-03-11,99054
2021-03-12,96742
2021-03-15,100171
2021-03-16,103184
2021-03-17,100679
2021-03-18,89020
2021-03-19,91014
2021-03-22,89751
2021-03-23,90333
2021-03-24,91699
2021-03-25,90884
2021-03-26,95449
2021-03-29,93778
2021-03-30,94510
2021-03-31,92306
2021-04-01,90749
2021-04-06,91848
2021-04-07,89455
2021-04-08,93199
2021-04-09,90121
2021-04-12,90188
2021-04-13,91662
2021-04-14,87606
2021-04-15,89947
2021-04-16,93197
2021-04-19,95487
2021-04-20,96611
2021-04-21,94058
2021-04-22,83917
2021-04-23,86206
2021-04-26,90731
2021-04-27,91513
2021-04-28,89689
2021-04-29,89660
2021-05-03,95151
2021-05-04,97360
2021-05-05,95410
2021-05-06,93933
2021-05-07,95106
2021-05-10,95642
2021-05-11,97777
2021-05-12,92162
2021-05-13,91012
2021-05-14,89128
2021-05-17,87190
2021-05-18,93597
2021-05-19,90937
2021-05-20,78870
2021-05-21,80112
2021-05-24,83654
2021-05-25,82824
2021-05-26,83335
2021-05-27,80592
2021-05-28,84147
2021-05-31,83615
2021-06-01,88368
2021-06-02,88225
2021-06-03,89684
2021-06-04,92595
2021-06-07,91325
2021-06-08,91902
2021-06-09,93885
2021-06-10,94070
2021-06-11,93514
2021-06-15,96216
2021-06-16,97508
2021-06-17,88327
2021-06-18,86366
2021-06-21,91807
2021-06-22,90537
2021-06-23,94653
2021-06-24,94993
2021-06-25,90901
2021-06-28,93103
2021-06-29,92366
2021-06-30,96103
2021-07-01,92577
2021-07-02,91748
2021-07-05,96172
2021-07-06,94106
2021-07-07,92834
2021-07-08,93207
2021-07-09,92582
2021-07-12,92390
2021-07-13,95276
2021-07-14,91843
2021-07-15,93800
2021-07-16,93149
2021-07-19,92982
2021-07-20,96200
2021-07-21,97833
2021-07-22,87333
2021-07-23,88208
2021-07-26,91348
2021-07-27,89630
2021-07-28,86780
2021-07-29,87608
2021-07-30,85780
2021-08-02,88249
2021-08-03,87831
2021-08-04,90088
2021-08-05,89220
2021-08-06,86385
2021-08-09,86706
2021-08-10,87939
2021-08-11,88957
2021-08-12,87815
2021-08-13,91538
2021-08-16,88910
2021-08-17,89249
2021-08-18,88044
2021-08-19,80582
2021-08-20,78938
2021-08-23,81066
2021-08-24,81720
2021-08-25,84233
2021-08-26,79913
2021-08-27,80884
2021-08-30,82491
2021-08-31,86342
2021-09-01,88120
2021-09-02,83935
2021-09-03,86155
2021-09-06,84934
2021-09-07,82519
2021-09-08,81639
2021-09-09,81843
2021-09-10,84258
2021-09-13,84647
2021-09-14,84816
2021-09-15,81601
2021-09-16,72798
2021-09-17,74527
2021-09-22,74507
2021-09-23,77619
2021-09-24,80403
2021-09-27,82688
2021-09-28,80571
2021-09-29,83762
2021-09-30,85145
2021-10-01,86841
2021-10-04,86361
2021-10-05,83906
2021-10-06,82708
2021-10-07,87016
2021-10-08,85841
2021-10-12,85631
2021-10-13,85280
2021-10-14,86591
2021-10-15,87712
2021-10-18,87246
2021-10-19,87905
2021-10-20,83805
2021-10-21,75990
2021-10-22,76758
2021-10-25,78093
2021-10-26,82175
2021-10-27,82061
2021-10-28,81894
2021-10-29,82155
2021-11-01,83538
2021-11-02,86344
2021-11-03,83999
2021-11-04,84335
2021-11-05,87254
2021-11-08,89176
2021-11-09,87123
2021-11-10,85837
2021-11-11,84647
2021-11-12,84920
2021-11-15,88670
2021-11-16,88666
2021-11-17,85337
2021-11-18,80586
2021-11-19,80388
2021-11-22,83441
2021-11-23,84275
2021-11-24,85091
2021-11-25,85208
2021-11-26,87633
2021-11-29,85476
2021-11-30,87408
2021-12-01,90028
2021-12-02,87609
2021-12-03,87641
2021-12-06,91912
2021-12-07,91005
2021-12-08,87884
2021-12-09,88245
2021-12-10,88490
2021-12-13,90463
2021-12-14,91827
2021-12-15,88526
2021-12-16,80621
2021-12-17,81462
2021-12-20,83836
2021-12-21,86381
2021-12-22,83309
2021-12-23,85018
2021-12-24,85822
2021-12-27,89781
2021-12-28,91701
2021-12-29,93111
2021-12-30,90805
2022-01-03,90826
2022-01-04,93198
2022-01-05,93628
2022-01-06,91438
2022-01-07,89832
2022-01-10,89710
2022-01-11,89192
2022-01-12,87782
2022-01-13,88691
2022-01-14,86547
2022-01-17,91869
2022-01-18,91848
2022-01-19,93501
2022-01-20,83148
2022-01-21,86945
2022-01-24,84758
2022-01-25,87956
2022-01-26,85022
2022-02-07,86221
2022-02-08,86758
2022-02-09,88197
2022-02-10,87308
2022-02-11,86349
2022-02-14,83248
2022-02-15,80454
2022-02-16,83206
2022-02-17,75396
2022-02-18,79467
2022-02-21,79314
2022-02-22,77888
2022-02-23,77066
2022-02-24,83137
2022-02-25,78923
2022-03-01,81831
2022-03-02,81175
2022-03-03,80220
2022-03-04,80970
2022-03-07,84197
2022-03-08,80050
2022-03-09,79702
2022-03-10,79894
2022-03-11,77818
2022-03-14,77550
2022-03-15,85433
2022-03-16,81423
2022-03-17,76648
2022-03-18,75946
2022-03-21,79770
2022-03-22,80075
2022-03-23,85120
2022-03-24,82836
2022-03-25,80700
2022-03-28,76237
2022-03-29,78867
2022-03-30,83150
2022-03-31,80820
2022-04-01,80173
2022-04-06,80639
2022-04-07,83823
2022-04-08,82786
2022-04-11,84872
2022-04-12,86400
2022-04-13,88813
2022-04-14,86094
2022-04-15,87734
2022-04-18,86440
2022-04-19,86596
2022-04-20,87377
2022-04-21,75157
2022-04-22,78122
2022-04-25,79861
2022-04-26,80480
2022-04-27,83019
2022-04-28,84936
2022-04-29,82499
2022-05-03,82293
2022-05-04,84422
2022-05-05,86059
2022-05-06,90750
2022-05-09,94431
2022-05-10,93546
2022-05-11,92734
2022-05-12,96067
2022-05-13,94591
2022-05-16,94357
2022-05-17,94464
2022-05-18,95268
2022-05-19,82787
2022-05-20,86768
2022-05-23,84402
2022-05-24,86901
2022-05-25,91980
2022-05-26,93742
2022-05-27,97230
2022-05-30,99004
2022-05-31,105640
2022-06-01,107813
2022-06-02,107986
2022-06-06,106259
2022-06-07,102707
2022-06-08,106639
2022-06-09,103974
2022-06-10,105453
2022-06-13,111192
2022-06-14,113995
2022-06-15,105440
2022-06-16,92989
2022-06-17,99641
2022-06-20,105814
2022-06-21,105132
2022-06-22,105354
2022-06-23,105433
2022-06-24,103591
2022-06-27,104746
2022-06-28,103875
2022-06-29,104254
2022-06-30,109391
2022-07-01,107621
2022-07-04,106814
2022-07-05,103677
2022-07-06,100884
2022-07-07,94833
2022-07-08,90283
2022-07-11,86695
2022-07-12,91564
2022-07-13,87342
2022-07-14,85274
2022-07-15,83011
2022-07-18,88137
2022-07-19,83780
2022-07-20,82520
2022-07-21,72410
2022-07-22,71921
2022-07-25,73080
2022-07-26,72353
2022-07-27,73577
2022-07-28,75054
2022-07-29,76457
2022-08-01,76020
2022-08-02,78073
2022-08-03,77251
2022-08-04,81210
2022-08-05,85631
2022-08-08,80244
2022-08-09,82057
2022-08-10,80188
2022-08-11,82478
2022-08-12,81972
2022-08-15,88120
2022-08-16,85921
2022-08-17,82939
2022-08-18,69769
2022-08-19,70271
2022-08-22,72255
2022-08-23,73226
2022-08-24,72759
2022-08-25,73437
2022-08-26,71224
2022-08-29,71095
2022-08-30,73508
2022-08-31,83734
2022-09-01,84106
2022-09-02,83920
2022-09-05,81344
2022-09-06,82566
2022-09-07,83663
2022-09-08,79632
2022-09-12,77475
2022-09-13,76924
2022-09-14,77207
2022-09-15,78984
2022-09-16,80676
2022-09-19,86422
2022-09-20,83951
2022-09-21,83658
2022-09-22,74568
2022-09-23,77822
2022-09-26,80917
2022-09-27,80716
2022-09-28,82936
2022-09-29,81220
2022-09-30,80712
2022-10-03,80677
2022-10-04,83112
2022-10-05,79265
2022-10-06,78132
2022-10-07,77399
2022-10-11,83527
2022-10-12,80131
2022-10-13,82975
2022-10-14,81674
2022-10-17,86045
2022-10-18,86831
2022-10-19,86680
2022-10-20,72395
2022-10-21,74809
2022-10-24,74916
2022-10-25,76897
2022-10-26,77148
2022-10-27,79541
2022-10-28,78968
2022-10-31,79203
2022-11-01,81009
2022-11-02,79225
2022-11-03,78390
2022-11-04,80257
2022-11-07,81943
2022-11-08,82068
2022-11-09,83752
2022-11-10,79064
2022-11-11,83432
2022-11-14,87424
2022-11-15,96825
2022-11-16,87088
2022-11-17,73416
2022-11-18,75411
2022-11-21,76597
2022-11-22,78209
2022-11-23,78031
2022-11-24,82742
2022-11-25,84110
2022-11-28,82240
2022-11-29,83969
2022-11-30,88289
2022-12-01,88014
2022-12-02,91547
2022-12-05,93014
2022-12-06,93693
2022-12-07,92174
2022-12-08,92014
2022-12-09,88275
2022-12-12,88558
2022-12-13,89555
2022-12-14,92736
2022-12-15,92161
2022-12-16,92714
2022-12-19,92746
2022-12-20,95996
2022-12-21,90168
2022-12-22,83198
2022-12-23,82466
2022-12-26,82704
2022-12-27,83971
2022-12-28,84941
2022-12-29,82812
2022-12-30,81419
2023-01-03,78921
2023-01-04,75371
2023-01-05,76778
2023-01-06,78318
2023-01-09,79438
2023-01-10,76556
2023-01-11,75216
2023-01-12,75169
2023-01-13,78281
2023-01-16,82991
2023-01-17,80518
2023-01-30,79820
2023-01-31,70856
2023-02-01,69437
2023-02-02,72761
2023-02-03,70804
2023-02-06,72706
2023-02-07,73201
2023-02-08,77815
2023-02-09,75067
2023-02-10,76938
2023-02-13,79821
2023-02-14,74827
2023-02-15,75722
2023-02-16,71122
2023-02-17,68355
2023-02-20,71248
2023-02-21,69947
2023-02-22,71896
2023-02-23,75948
2023-02-24,72670
2023-03-01,73402
2023-03-02,74425
2023-03-03,77419
2023-03-06,77895
2023-03-07,79089
2023-03-08,73982
2023-03-09,76028
2023-03-10,79340
2023-03-13,75667
2023-03-14,75526
2023-03-15,77652
2023-03-16,68600
2023-03-17,69545
2023-03-20,69157
2023-03-21,69354
2023-03-22,76653
2023-03-23,79827
2023-03-24,79319
2023-03-27,74920
2023-03-28,75409
2023-03-29,75249
2023-03-30,74939
2023-03-31,76154
2023-04-06,74835
2023-04-07,76135
2023-04-10,77915
2023-04-11,78411
2023-04-12,76417
2023-04-13,77070
2023-04-14,82691
2023-04-17,82568
2023-04-18,81515
2023-04-19,82069
2023-04-20,70987
2023-04-21,76377
2023-04-24,77205
2023-04-25,82050
2023-04-26,81820
2023-04-27,80051
2023-04-28,79204
2023-05-02,80735
2023-05-03,79177
2023-05-04,78844
2023-05-05,78073
2023-05-08,76280
2023-05-09,76164
2023-05-10,75691
2023-05-11,78324
2023-05-12,78277
2023-05-15,87934
2023-05-16,86565
2023-05-17,94195
2023-05-18,82033
2023-05-19,82414
2023-05-22,83711
2023-05-23,86982
2023-05-24,88403
2023-05-25,90072
2023-05-26,90504
2023-05-29,90336
2023-05-30,91356
2023-05-31,91545
2023-06-01,92986
2023-06-02,94467
2023-06-05,90830
2023-06-06,92317
2023-06-07,93744
2023-06-08,90412
2023-06-09,91233
2023-06-12,91092
2023-06-13,95404
2023-06-14,92083
2023-06-15,93658
2023-06-16,95586
2023-06-19,98166
2023-06-20,100088
2023-06-21,94058
2023-06-26,82222
2023-06-27,82744
2023-06-28,83378
2023-06-29,84890
2023-06-30,83604
2023-07-03,87492
2023-07-04,87757
2023-07-05,87041
2023-07-06,87219
2023-07-07,84985
2023-07-10,83464
2023-07-11,86600
2023-07-12,85806
2023-07-13,86518
2023-07-14,88727
2023-07-17,86616
2023-07-18,81757
2023-07-19,79954
2023-07-20,73008
2023-07-21,74463
2023-07-24,74173
2023-07-25,80070
2023-07-26,78686
2023-07-27,78493
2023-07-28,78820
2023-07-31,79645
2023-08-01,78343
2023-08-02,80314
2023-08-03,0
2023-08-04,79084
2023-08-07,78092
2023-08-08,76242
2023-08-09,75097
2023-08-10,74665
2023-08-11,74109
2023-08-14,78784
2023-08-15,72555
2023-08-16,72090
2023-08-17,65452
2023-08-18,66947
2023-08-21,68800
2023-08-22,67041
2023-08-23,69556
2023-08-24,66132
2023-08-25,71529
2023-08-28,70407
2023-08-29,68415
2023-08-30,67396
2023-08-31,66745
2023-09-01,68001
2023-09-04,69824
2023-09-05,68325
2023-09-06,67826
2023-09-07,68881
2023-09-08,71227
2023-09-11,71982
2023-09-12,71655
2023-09-13,70266
2023-09-14,77685
2023-09-15,76541
2023-09-18,77841
2023-09-19,77440
2023-09-20,73172
2023-09-21,73832
2023-09-22,71775
2023-09-25,70115
2023-09-26,71141
2023-09-27,70681
2023-09-28,69560
2023-10-02,71161
2023-10-03,70735
2023-10-04,74167
2023-10-05,73666
2023-10-06,71054
2023-10-11,70834
2023-10-12,76447
2023-10-13,76686
2023-10-16,76109
2023-10-17,73090
2023-10-18,77284
2023-10-19,67348
2023-10-20,67918
2023-10-23,75751
2023-10-24,74034
2023-10-25,71998
2023-10-26,79784
2023-10-27,73886
2023-10-30,75162
2023-10-31,80734
2023-11-01,78522
2023-11-02,78354
2023-11-03,75852
2023-11-06,79104
2023-11-07,81527
2023-11-08,83415
2023-11-09,84786
2023-11-10,84693
2023-11-13,82008
2023-11-14,87433
2023-11-15,84584
2023-11-16,76647
2023-11-17,81735
2023-11-20,83965
2023-11-21,91624
2023-11-22,90530
2023-11-23,90279
2023-11-24,90104
2023-11-27,89434
2023-11-28,91905
2023-11-29,91350
2023-11-30,91539
2023-12-01,94023
2023-12-04,91518
2023-12-05,92824
2023-12-06,91719
2023-12-07,93090
2023-12-08,93303
2023-12-11,94486
2023-12-12,95063
2023-12-13,94534
2023-12-14,100253
2023-12-15,101456
2023-12-18,101127
2023-12-19,103329
2023-12-20,101847
2023-12-21,94236
2023-12-22,91444
2023-12-25,93060
2023-12-26,96521
2023-12-27,102980
2023-12-28,104645
2023-12-29,106597
2024-01-02,107525
2024-01-03,111298
2024-01-04,107128
2024-01-05,107431
2024-01-08,108797
2024-01-09,110747
2024-01-10,110195
2024-01-11,110799
2024-01-12,109853
2024-01-15,109577
2024-01-16,104301
2024-01-17,106979
2024-01-18,83753
2024-01-19,87492
2024-01-22,85625
2024-01-23,86137
2024-01-24,85022
2024-01-25,86899
2024-01-26,87133
2024-01-29,90348
2024-01-30,86198
2024-01-31,84268
2024-02-01,85343
2024-02-02,85984
2024-02-05,83617
2024-02-15,87939
2024-02-16,87101
2024-02-19,92475
2024-02-20,94650
2024-02-21,87043
2024-02-22,77453
2024-02-23,78140
2024-02-26,80421
2024-02-27,79577
2024-02-29,80725
2024-03-01,79240
2024-03-04,82614
2024-03-05,82468
2024-03-06,82183
2024-03-07,82045
2024-03-08,81702
2024-03-11,79663
2024-03-12,83593
2024-03-13,83523
2024-03-14,86349
2024-03-15,90880
2024-03-18,91251
2024-03-19,90034
2024-03-20,90198
2024-03-21,77331
2024-03-22,72743
2024-03-25,73470
2024-03-26,74674
2024-03-27,75800
2024-03-28,77879
2024-03-29,79920
2024-04-01,79841
2024-04-02,85772
2024-04-03,80625
2024-04-08,81033
2024-04-09,85153
2024-04-10,83472
2024-04-11,85065
2024-04-12,85971
2024-04-15,87756
2024-04-16,87738
2024-04-17,85540
2024-04-18,74118
2024-04-19,73632
2024-04-22,68932
2024-04-23,71457
2024-04-24,75349
2024-04-25,73091
2024-04-26,73879
2024-04-29,79544
2024-04-30,76027
2024-05-02,75324
2024-05-03,76549
2024-05-06,79839
2024-05-07,78849
2024-05-08,79708
2024-05-09,77586
2024-05-10,79274
2024-05-13,81281
2024-05-14,82303
2024-05-15,80254
2024-05-16,72565
2024-05-17,72897
2024-05-20,75015
2024-05-21,76358
2024-05-22,83183
2024-05-23,81053
2024-05-24,81983
2024-05-27,84225
2024-05-28,84996
2024-05-29,85583
2024-05-30,85477
2024-05-31,90144
2024-06-03,92780
2024-06-04,89551
2024-06-05,89165
2024-06-06,90372
2024-06-07,88117
2024-06-11,83450
2024-06-12,88200
2024-06-13,88504
2024-06-14,90379
2024-06-17,88623
2024-06-18,91353
2024-06-19,91903
2024-06-20,83330
2024-06-21,83497
2024-06-24,81541
2024-06-25,81062
2024-06-26,85696
2024-06-27,83976
2024-06-28,88054
2024-07-01,89001
2024-07-02,87515
2024-07-03,90412
2024-07-04,91806
2024-07-05,90567
2024-07-08,94312
2024-07-09,93403
2024-07-10,94605
2024-07-11,94689
2024-07-12,98658
2024-07-15,94636
2024-07-16,95630
2024-07-17,96049
2024-07-18,89206
2024-07-19,87019
2024-07-22,90685
2024-07-23,86698
2024-07-24,0
2024-07-25,0
2024-07-26,86845
2024-07-29,86789
2024-07-30,87839
2024-07-31,86756
2024-08-01,89714
2024-08-02,94238
2024-08-05,85166
2024-08-06,83079
2024-08-07,86165
2024-08-08,85376
2024-08-09,89750
2024-08-12,89153
2024-08-13,89823
2024-08-14,93954
2024-08-15,93739
2024-08-16,95104
2024-08-19,96511
2024-08-20,94184
2024-08-21,93733
2024-08-22,82783
2024-08-23,82121
2024-08-26,85721
2024-08-27,83922
2024-08-28,84667
2024-08-29,82394
2024-08-30,84827
2024-09-02,86909
2024-09-03,85523
2024-09-04,78628
2024-09-05,76967
2024-09-06,76753
2024-09-09,75773
2024-09-10,75398
2024-09-11,77189
2024-09-12,82330
2024-09-13,84254
2024-09-16,84141
2024-09-18,85242
2024-09-19,75477
2024-09-20,78887
2024-09-23,80778
2024-09-24,78098
2024-09-25,82265
2024-09-26,84147
2024-09-27,85680
2024-09-30,83904
2024-10-01,85062
2024-10-02,0
2024-10-03,0
2024-10-04,83954
2024-10-07,88030
2024-10-08,83515
2024-10-09,84520
2024-10-11,89140
2024-10-14,88879
2024-10-15,91482
2024-10-16,90439
2024-10-17,74611
2024-10-18,78056
2024-10-21,78323
2024-10-22,76750
2024-10-23,77000
2024-10-24,75902
2024-10-25,79257
2024-10-28,79851
2024-10-29,81106
2024-10-30,81166
2024-10-31,0
2024-11-01,79558
2024-11-04,80652
2024-11-05,81158
2024-11-06,82678
2024-11-07,84310
2024-11-08,82993
